<?xml version="1.0" encoding="UTF-8" standalone="no" ?>
<gpx xmlns="http://www.topografix.com/GPX/1/1" creator="www.strecken-messen.de" version="1.1">
    <metadata/>
    <trk>
        <trkseg>
            <trkpt lat="61.57180700139156" lon="-149.38848487570885">
                <ele>undefined</ele>
            </trkpt>
            <trkpt lat="61.571992" lon="-149.387843">
                <ele>undefined</ele>
            </trkpt>
            <trkpt lat="61.571963" lon="-149.387476">
                <ele>undefined</ele>
            </trkpt>
            <trkpt lat="61.571891" lon="-149.386338">
                <ele>undefined</ele>
            </trkpt>
            <trkpt lat="61.571764" lon="-149.383587">
                <ele>undefined</ele>
            </trkpt>
            <trkpt lat="61.571714" lon="-149.382497">
                <ele>undefined</ele>
            </trkpt>
            <trkpt lat="61.572095" lon="-149.382451">
                <ele>undefined</ele>
            </trkpt>
            <trkpt lat="61.572146" lon="-149.382449">
                <ele>undefined</ele>
            </trkpt>
            <trkpt lat="61.572109" lon="-149.381583">
                <ele>undefined</ele>
            </trkpt>
            <trkpt lat="61.572093" lon="-149.381294">
                <ele>undefined</ele>
            </trkpt>
            <trkpt lat="61.572024" lon="-149.380022">
                <ele>undefined</ele>
            </trkpt>
            <trkpt lat="61.572001" lon="-149.379615">
                <ele>undefined</ele>
            </trkpt>
            <trkpt lat="61.571928" lon="-149.378224">
                <ele>undefined</ele>
            </trkpt>
            <trkpt lat="61.571886" lon="-149.377456">
                <ele>undefined</ele>
            </trkpt>
            <trkpt lat="61.571823" lon="-149.377366">
                <ele>undefined</ele>
            </trkpt>
            <trkpt lat="61.571766" lon="-149.377304">
                <ele>undefined</ele>
            </trkpt>
            <trkpt lat="61.571746" lon="-149.377177">
                <ele>undefined</ele>
            </trkpt>
            <trkpt lat="61.571591" lon="-149.374327">
                <ele>undefined</ele>
            </trkpt>
            <trkpt lat="61.571543" lon="-149.373755">
                <ele>undefined</ele>
            </trkpt>
            <trkpt lat="61.57141" lon="-149.370919">
                <ele>undefined</ele>
            </trkpt>
            <trkpt lat="61.571992" lon="-149.387843">
                <ele>undefined</ele>
            </trkpt>
            <trkpt lat="61.571963" lon="-149.387476">
                <ele>undefined</ele>
            </trkpt>
            <trkpt lat="61.571891" lon="-149.386338">
                <ele>undefined</ele>
            </trkpt>
            <trkpt lat="61.571764" lon="-149.383587">
                <ele>undefined</ele>
            </trkpt>
            <trkpt lat="61.571714" lon="-149.382497">
                <ele>undefined</ele>
            </trkpt>
            <trkpt lat="61.572095" lon="-149.382451">
                <ele>undefined</ele>
            </trkpt>
            <trkpt lat="61.572146" lon="-149.382449">
                <ele>undefined</ele>
            </trkpt>
            <trkpt lat="61.572109" lon="-149.381583">
                <ele>undefined</ele>
            </trkpt>
            <trkpt lat="61.572093" lon="-149.381294">
                <ele>undefined</ele>
            </trkpt>
            <trkpt lat="61.572024" lon="-149.380022">
                <ele>undefined</ele>
            </trkpt>
            <trkpt lat="61.572001" lon="-149.379615">
                <ele>undefined</ele>
            </trkpt>
            <trkpt lat="61.571928" lon="-149.378224">
                <ele>undefined</ele>
            </trkpt>
            <trkpt lat="61.571886" lon="-149.377456">
                <ele>undefined</ele>
            </trkpt>
            <trkpt lat="61.571823" lon="-149.377366">
                <ele>undefined</ele>
            </trkpt>
            <trkpt lat="61.571766" lon="-149.377304">
                <ele>undefined</ele>
            </trkpt>
            <trkpt lat="61.571746" lon="-149.377177">
                <ele>undefined</ele>
            </trkpt>
            <trkpt lat="61.571591" lon="-149.374327">
                <ele>undefined</ele>
            </trkpt>
            <trkpt lat="61.571543" lon="-149.373755">
                <ele>undefined</ele>
            </trkpt>
            <trkpt lat="61.571234951925135" lon="-149.37268109845166">
                <ele>undefined</ele>
            </trkpt>
            <trkpt lat="61.57141" lon="-149.370919">
                <ele>undefined</ele>
            </trkpt>
            <trkpt lat="61.571223" lon="-149.366933">
                <ele>undefined</ele>
            </trkpt>
            <trkpt lat="61.571209" lon="-149.366367">
                <ele>undefined</ele>
            </trkpt>
            <trkpt lat="61.571218" lon="-149.365716">
                <ele>undefined</ele>
            </trkpt>
            <trkpt lat="61.571252" lon="-149.364909">
                <ele>undefined</ele>
            </trkpt>
            <trkpt lat="61.571584" lon="-149.360505">
                <ele>undefined</ele>
            </trkpt>
            <trkpt lat="61.571622" lon="-149.360281">
                <ele>undefined</ele>
            </trkpt>
            <trkpt lat="61.571667" lon="-149.360206">
                <ele>undefined</ele>
            </trkpt>
            <trkpt lat="61.571727" lon="-149.360188">
                <ele>undefined</ele>
            </trkpt>
            <trkpt lat="61.572308" lon="-149.360143">
                <ele>undefined</ele>
            </trkpt>
            <trkpt lat="61.572511" lon="-149.360148">
                <ele>undefined</ele>
            </trkpt>
            <trkpt lat="61.573207" lon="-149.360074">
                <ele>undefined</ele>
            </trkpt>
            <trkpt lat="61.573339" lon="-149.360081">
                <ele>undefined</ele>
            </trkpt>
            <trkpt lat="61.573629" lon="-149.360079">
                <ele>undefined</ele>
            </trkpt>
            <trkpt lat="61.574151" lon="-149.360138">
                <ele>undefined</ele>
            </trkpt>
            <trkpt lat="61.574338" lon="-149.360227">
                <ele>undefined</ele>
            </trkpt>
            <trkpt lat="61.574969" lon="-149.360264">
                <ele>undefined</ele>
            </trkpt>
            <trkpt lat="61.575051" lon="-149.360258">
                <ele>undefined</ele>
            </trkpt>
            <trkpt lat="61.575191" lon="-149.360156">
                <ele>undefined</ele>
            </trkpt>
            <trkpt lat="61.575337" lon="-149.360165">
                <ele>undefined</ele>
            </trkpt>
            <trkpt lat="61.57544" lon="-149.36019">
                <ele>undefined</ele>
            </trkpt>
            <trkpt lat="61.575587" lon="-149.36031">
                <ele>undefined</ele>
            </trkpt>
            <trkpt lat="61.575648" lon="-149.360325">
                <ele>undefined</ele>
            </trkpt>
            <trkpt lat="61.57675" lon="-149.360376">
                <ele>undefined</ele>
            </trkpt>
            <trkpt lat="61.578299" lon="-149.360388">
                <ele>undefined</ele>
            </trkpt>
            <trkpt lat="61.578428" lon="-149.360355">
                <ele>undefined</ele>
            </trkpt>
            <trkpt lat="61.578548" lon="-149.36026">
                <ele>undefined</ele>
            </trkpt>
            <trkpt lat="61.578696" lon="-149.360256">
                <ele>undefined</ele>
            </trkpt>
            <trkpt lat="61.578833" lon="-149.360271">
                <ele>undefined</ele>
            </trkpt>
            <trkpt lat="61.578997" lon="-149.36038">
                <ele>undefined</ele>
            </trkpt>
            <trkpt lat="61.582449" lon="-149.3604">
                <ele>undefined</ele>
            </trkpt>
            <trkpt lat="61.582554" lon="-149.360376">
                <ele>undefined</ele>
            </trkpt>
            <trkpt lat="61.582681" lon="-149.360304">
                <ele>undefined</ele>
            </trkpt>
            <trkpt lat="61.582808" lon="-149.3603">
                <ele>undefined</ele>
            </trkpt>
            <trkpt lat="61.583128" lon="-149.360362">
                <ele>undefined</ele>
            </trkpt>
            <trkpt lat="61.584791" lon="-149.360388">
                <ele>undefined</ele>
            </trkpt>
            <trkpt lat="61.584915" lon="-149.360414">
                <ele>undefined</ele>
            </trkpt>
            <trkpt lat="61.58494" lon="-149.36045">
                <ele>undefined</ele>
            </trkpt>
            <trkpt lat="61.585055" lon="-149.360464">
                <ele>undefined</ele>
            </trkpt>
            <trkpt lat="61.585209" lon="-149.360489">
                <ele>undefined</ele>
            </trkpt>
            <trkpt lat="61.585208" lon="-149.360209">
                <ele>undefined</ele>
            </trkpt>
            <trkpt lat="61.585205" lon="-149.360009">
                <ele>undefined</ele>
            </trkpt>
            <trkpt lat="61.585205" lon="-149.360009">
                <ele>undefined</ele>
            </trkpt>
            <trkpt lat="61.585208" lon="-149.360209">
                <ele>undefined</ele>
            </trkpt>
            <trkpt lat="61.58533" lon="-149.360212">
                <ele>undefined</ele>
            </trkpt>
            <trkpt lat="61.585326" lon="-149.360464">
                <ele>undefined</ele>
            </trkpt>
            <trkpt lat="61.585373" lon="-149.36042">
                <ele>undefined</ele>
            </trkpt>
            <trkpt lat="61.585446" lon="-149.360402">
                <ele>undefined</ele>
            </trkpt>
            <trkpt lat="61.586006" lon="-149.360428">
                <ele>undefined</ele>
            </trkpt>
            <trkpt lat="61.586628" lon="-149.360385">
                <ele>undefined</ele>
            </trkpt>
            <trkpt lat="61.586781" lon="-149.360453">
                <ele>undefined</ele>
            </trkpt>
            <trkpt lat="61.58696" lon="-149.360432">
                <ele>undefined</ele>
            </trkpt>
            <trkpt lat="61.586959" lon="-149.36017">
                <ele>undefined</ele>
            </trkpt>
            <trkpt lat="61.587904" lon="-149.360057">
                <ele>undefined</ele>
            </trkpt>
            <trkpt lat="61.587902" lon="-149.359905">
                <ele>undefined</ele>
            </trkpt>
            <trkpt lat="61.587908" lon="-149.359186">
                <ele>undefined</ele>
            </trkpt>
            <trkpt lat="61.587923" lon="-149.358916">
                <ele>undefined</ele>
            </trkpt>
            <trkpt lat="61.587965" lon="-149.358581">
                <ele>undefined</ele>
            </trkpt>
            <trkpt lat="61.588062" lon="-149.358007">
                <ele>undefined</ele>
            </trkpt>
            <trkpt lat="61.588331" lon="-149.358219">
                <ele>undefined</ele>
            </trkpt>
            <trkpt lat="61.588665" lon="-149.358483">
                <ele>undefined</ele>
            </trkpt>
            <trkpt lat="61.589148" lon="-149.358864">
                <ele>undefined</ele>
            </trkpt>
            <trkpt lat="61.589413" lon="-149.358932">
                <ele>undefined</ele>
            </trkpt>
            <trkpt lat="61.589467" lon="-149.358534">
                <ele>undefined</ele>
            </trkpt>
            <trkpt lat="61.589571" lon="-149.357995">
                <ele>undefined</ele>
            </trkpt>
            <trkpt lat="61.58976" lon="-149.357133">
                <ele>undefined</ele>
            </trkpt>
            <trkpt lat="61.589958" lon="-149.356225">
                <ele>undefined</ele>
            </trkpt>
            <trkpt lat="61.59012" lon="-149.355484">
                <ele>undefined</ele>
            </trkpt>
            <trkpt lat="61.591026" lon="-149.356356">
                <ele>undefined</ele>
            </trkpt>
            <trkpt lat="61.591143" lon="-149.356507">
                <ele>undefined</ele>
            </trkpt>
            <trkpt lat="61.59125" lon="-149.356701">
                <ele>undefined</ele>
            </trkpt>
            <trkpt lat="61.591362" lon="-149.356998">
                <ele>undefined</ele>
            </trkpt>
            <trkpt lat="61.591442" lon="-149.357369">
                <ele>undefined</ele>
            </trkpt>
            <trkpt lat="61.591469" lon="-149.357655">
                <ele>undefined</ele>
            </trkpt>
            <trkpt lat="61.591476" lon="-149.358426">
                <ele>undefined</ele>
            </trkpt>
            <trkpt lat="61.591477" lon="-149.358503">
                <ele>undefined</ele>
            </trkpt>
            <trkpt lat="61.591715" lon="-149.358498">
                <ele>undefined</ele>
            </trkpt>
            <trkpt lat="61.592067" lon="-149.35849">
                <ele>undefined</ele>
            </trkpt>
            <trkpt lat="61.592504" lon="-149.358498">
                <ele>undefined</ele>
            </trkpt>
            <trkpt lat="61.59267" lon="-149.358638">
                <ele>undefined</ele>
            </trkpt>
            <trkpt lat="61.592742" lon="-149.358654">
                <ele>undefined</ele>
            </trkpt>
            <trkpt lat="61.592749" lon="-149.359881">
                <ele>undefined</ele>
            </trkpt>
            <trkpt lat="61.593987" lon="-149.359889">
                <ele>undefined</ele>
            </trkpt>
            <trkpt lat="61.597424" lon="-149.359876">
                <ele>undefined</ele>
            </trkpt>
            <trkpt lat="61.598414" lon="-149.359873">
                <ele>undefined</ele>
            </trkpt>
            <trkpt lat="61.598621" lon="-149.359991">
                <ele>undefined</ele>
            </trkpt>
            <trkpt lat="61.598828" lon="-149.360305">
                <ele>undefined</ele>
            </trkpt>
            <trkpt lat="61.599144" lon="-149.359762">
                <ele>undefined</ele>
            </trkpt>
            <trkpt lat="61.602385" lon="-149.354673">
                <ele>undefined</ele>
            </trkpt>
            <trkpt lat="61.604283" lon="-149.35174">
                <ele>undefined</ele>
            </trkpt>
            <trkpt lat="61.604672" lon="-149.351038">
                <ele>undefined</ele>
            </trkpt>
            <trkpt lat="61.604798" lon="-149.350743">
                <ele>undefined</ele>
            </trkpt>
            <trkpt lat="61.604995" lon="-149.350112">
                <ele>undefined</ele>
            </trkpt>
            <trkpt lat="61.605142" lon="-149.349471">
                <ele>undefined</ele>
            </trkpt>
            <trkpt lat="61.605242" lon="-149.348852">
                <ele>undefined</ele>
            </trkpt>
            <trkpt lat="61.606044" lon="-149.348878">
                <ele>undefined</ele>
            </trkpt>
            <trkpt lat="61.606252" lon="-149.348885">
                <ele>undefined</ele>
            </trkpt>
            <trkpt lat="61.607442" lon="-149.348905">
                <ele>undefined</ele>
            </trkpt>
            <trkpt lat="61.60746" lon="-149.352312">
                <ele>undefined</ele>
            </trkpt>
            <trkpt lat="61.60744" lon="-149.352934">
                <ele>undefined</ele>
            </trkpt>
            <trkpt lat="61.607369" lon="-149.353703">
                <ele>undefined</ele>
            </trkpt>
            <trkpt lat="61.607357" lon="-149.354027">
                <ele>undefined</ele>
            </trkpt>
            <trkpt lat="61.60738" lon="-149.354387">
                <ele>undefined</ele>
            </trkpt>
            <trkpt lat="61.607462" lon="-149.354728">
                <ele>undefined</ele>
            </trkpt>
            <trkpt lat="61.607526" lon="-149.354877">
                <ele>undefined</ele>
            </trkpt>
            <trkpt lat="61.607684" lon="-149.355086">
                <ele>undefined</ele>
            </trkpt>
            <trkpt lat="61.607894" lon="-149.355173">
                <ele>undefined</ele>
            </trkpt>
            <trkpt lat="61.609356" lon="-149.35517">
                <ele>undefined</ele>
            </trkpt>
            <trkpt lat="61.609613" lon="-149.355156">
                <ele>undefined</ele>
            </trkpt>
            <trkpt lat="61.609812" lon="-149.355096">
                <ele>undefined</ele>
            </trkpt>
            <trkpt lat="61.609897" lon="-149.355023">
                <ele>undefined</ele>
            </trkpt>
            <trkpt lat="61.610046" lon="-149.354807">
                <ele>undefined</ele>
            </trkpt>
            <trkpt lat="61.610196" lon="-149.354679">
                <ele>undefined</ele>
            </trkpt>
            <trkpt lat="61.61084" lon="-149.354608">
                <ele>undefined</ele>
            </trkpt>
            <trkpt lat="61.611266" lon="-149.354333">
                <ele>undefined</ele>
            </trkpt>
            <trkpt lat="61.611825" lon="-149.35389">
                <ele>undefined</ele>
            </trkpt>
            <trkpt lat="61.612125" lon="-149.355597">
                <ele>undefined</ele>
            </trkpt>
            <trkpt lat="61.612161" lon="-149.355894">
                <ele>undefined</ele>
            </trkpt>
            <trkpt lat="61.612178" lon="-149.356414">
                <ele>undefined</ele>
            </trkpt>
            <trkpt lat="61.612174" lon="-149.358622">
                <ele>undefined</ele>
            </trkpt>
            <trkpt lat="61.612172" lon="-149.359865">
                <ele>undefined</ele>
            </trkpt>
            <trkpt lat="61.612549" lon="-149.359869">
                <ele>undefined</ele>
            </trkpt>
            <trkpt lat="61.613176" lon="-149.359867">
                <ele>undefined</ele>
            </trkpt>
            <trkpt lat="61.613916" lon="-149.359861">
                <ele>undefined</ele>
            </trkpt>
            <trkpt lat="61.614118" lon="-149.359911">
                <ele>undefined</ele>
            </trkpt>
            <trkpt lat="61.614228" lon="-149.360022">
                <ele>undefined</ele>
            </trkpt>
            <trkpt lat="61.614281" lon="-149.360156">
                <ele>undefined</ele>
            </trkpt>
            <trkpt lat="61.614371" lon="-149.360548">
                <ele>undefined</ele>
            </trkpt>
            <trkpt lat="61.614493" lon="-149.360933">
                <ele>undefined</ele>
            </trkpt>
            <trkpt lat="61.614614" lon="-149.361172">
                <ele>undefined</ele>
            </trkpt>
            <trkpt lat="61.614747" lon="-149.36136">
                <ele>undefined</ele>
            </trkpt>
            <trkpt lat="61.614962" lon="-149.361545">
                <ele>undefined</ele>
            </trkpt>
            <trkpt lat="61.615113" lon="-149.361609">
                <ele>undefined</ele>
            </trkpt>
            <trkpt lat="61.615305" lon="-149.361636">
                <ele>undefined</ele>
            </trkpt>
            <trkpt lat="61.615661" lon="-149.361624">
                <ele>undefined</ele>
            </trkpt>
            <trkpt lat="61.615853" lon="-149.361682">
                <ele>undefined</ele>
            </trkpt>
            <trkpt lat="61.615996" lon="-149.361807">
                <ele>undefined</ele>
            </trkpt>
            <trkpt lat="61.61618" lon="-149.36203">
                <ele>undefined</ele>
            </trkpt>
            <trkpt lat="61.616433" lon="-149.3625">
                <ele>undefined</ele>
            </trkpt>
            <trkpt lat="61.616738" lon="-149.36318">
                <ele>undefined</ele>
            </trkpt>
            <trkpt lat="61.616862" lon="-149.363528">
                <ele>undefined</ele>
            </trkpt>
            <trkpt lat="61.616953" lon="-149.363861">
                <ele>undefined</ele>
            </trkpt>
            <trkpt lat="61.617032" lon="-149.364283">
                <ele>undefined</ele>
            </trkpt>
            <trkpt lat="61.61711" lon="-149.36483">
                <ele>undefined</ele>
            </trkpt>
            <trkpt lat="61.617342" lon="-149.366645">
                <ele>undefined</ele>
            </trkpt>
            <trkpt lat="61.617492" lon="-149.367674">
                <ele>undefined</ele>
            </trkpt>
            <trkpt lat="61.617524" lon="-149.367826">
                <ele>undefined</ele>
            </trkpt>
            <trkpt lat="61.61768" lon="-149.368332">
                <ele>undefined</ele>
            </trkpt>
            <trkpt lat="61.617817" lon="-149.368227">
                <ele>undefined</ele>
            </trkpt>
            <trkpt lat="61.617886" lon="-149.368216">
                <ele>undefined</ele>
            </trkpt>
            <trkpt lat="61.617996" lon="-149.368341">
                <ele>undefined</ele>
            </trkpt>
            <trkpt lat="61.618053" lon="-149.368684">
                <ele>undefined</ele>
            </trkpt>
            <trkpt lat="61.61804" lon="-149.368902">
                <ele>undefined</ele>
            </trkpt>
            <trkpt lat="61.618161" lon="-149.368741">
                <ele>undefined</ele>
            </trkpt>
            <trkpt lat="61.618246" lon="-149.368741">
                <ele>undefined</ele>
            </trkpt>
            <trkpt lat="61.618331" lon="-149.36885">
                <ele>undefined</ele>
            </trkpt>
            <trkpt lat="61.6184" lon="-149.369093">
                <ele>undefined</ele>
            </trkpt>
            <trkpt lat="61.618414" lon="-149.369186">
                <ele>undefined</ele>
            </trkpt>
            <trkpt lat="61.618409" lon="-149.369286">
                <ele>undefined</ele>
            </trkpt>
            <trkpt lat="61.618359" lon="-149.369471">
                <ele>undefined</ele>
            </trkpt>
            <trkpt lat="61.61826" lon="-149.369654">
                <ele>undefined</ele>
            </trkpt>
            <trkpt lat="61.618316" lon="-149.36987">
                <ele>undefined</ele>
            </trkpt>
            <trkpt lat="61.618378" lon="-149.370225">
                <ele>undefined</ele>
            </trkpt>
            <trkpt lat="61.618435" lon="-149.370877">
                <ele>undefined</ele>
            </trkpt>
            <trkpt lat="61.618435" lon="-149.371165">
                <ele>undefined</ele>
            </trkpt>
            <trkpt lat="61.618435" lon="-149.371165">
                <ele>undefined</ele>
            </trkpt>
            <trkpt lat="61.618438" lon="-149.373049">
                <ele>undefined</ele>
            </trkpt>
            <trkpt lat="61.618434" lon="-149.374151">
                <ele>undefined</ele>
            </trkpt>
            <trkpt lat="61.61844" lon="-149.374406">
                <ele>undefined</ele>
            </trkpt>
            <trkpt lat="61.618476" lon="-149.374855">
                <ele>undefined</ele>
            </trkpt>
            <trkpt lat="61.618531" lon="-149.375229">
                <ele>undefined</ele>
            </trkpt>
            <trkpt lat="61.618641" lon="-149.375819">
                <ele>undefined</ele>
            </trkpt>
            <trkpt lat="61.618841" lon="-149.376577">
                <ele>undefined</ele>
            </trkpt>
            <trkpt lat="61.619163" lon="-149.37759">
                <ele>undefined</ele>
            </trkpt>
            <trkpt lat="61.619291" lon="-149.37799">
                <ele>undefined</ele>
            </trkpt>
            <trkpt lat="61.619539" lon="-149.378755">
                <ele>undefined</ele>
            </trkpt>
            <trkpt lat="61.620266" lon="-149.381091">
                <ele>undefined</ele>
            </trkpt>
            <trkpt lat="61.620518" lon="-149.381888">
                <ele>undefined</ele>
            </trkpt>
            <trkpt lat="61.620648" lon="-149.382234">
                <ele>undefined</ele>
            </trkpt>
            <trkpt lat="61.620771" lon="-149.382497">
                <ele>undefined</ele>
            </trkpt>
            <trkpt lat="61.620928" lon="-149.38273">
                <ele>undefined</ele>
            </trkpt>
            <trkpt lat="61.621275" lon="-149.383106">
                <ele>undefined</ele>
            </trkpt>
            <trkpt lat="61.621935" lon="-149.380648">
                <ele>undefined</ele>
            </trkpt>
            <trkpt lat="61.622064" lon="-149.380101">
                <ele>undefined</ele>
            </trkpt>
            <trkpt lat="61.622173" lon="-149.379513">
                <ele>undefined</ele>
            </trkpt>
            <trkpt lat="61.622431" lon="-149.377647">
                <ele>undefined</ele>
            </trkpt>
            <trkpt lat="61.622517" lon="-149.377201">
                <ele>undefined</ele>
            </trkpt>
            <trkpt lat="61.623678" lon="-149.372476">
                <ele>undefined</ele>
            </trkpt>
            <trkpt lat="61.623783" lon="-149.37213">
                <ele>undefined</ele>
            </trkpt>
            <trkpt lat="61.623894" lon="-149.371787">
                <ele>undefined</ele>
            </trkpt>
            <trkpt lat="61.623985" lon="-149.371568">
                <ele>undefined</ele>
            </trkpt>
            <trkpt lat="61.624096" lon="-149.371345">
                <ele>undefined</ele>
            </trkpt>
            <trkpt lat="61.624321" lon="-149.370969">
                <ele>undefined</ele>
            </trkpt>
            <trkpt lat="61.624605" lon="-149.370609">
                <ele>undefined</ele>
            </trkpt>
            <trkpt lat="61.625311" lon="-149.369893">
                <ele>undefined</ele>
            </trkpt>
            <trkpt lat="61.625555" lon="-149.369483">
                <ele>undefined</ele>
            </trkpt>
            <trkpt lat="61.626498" lon="-149.367712">
                <ele>undefined</ele>
            </trkpt>
            <trkpt lat="61.627349" lon="-149.366063">
                <ele>undefined</ele>
            </trkpt>
            <trkpt lat="61.628269" lon="-149.364381">
                <ele>undefined</ele>
            </trkpt>
            <trkpt lat="61.628383" lon="-149.364174">
                <ele>undefined</ele>
            </trkpt>
            <trkpt lat="61.630093" lon="-149.361409">
                <ele>undefined</ele>
            </trkpt>
            <trkpt lat="61.63061" lon="-149.360492">
                <ele>undefined</ele>
            </trkpt>
            <trkpt lat="61.630902" lon="-149.359921">
                <ele>undefined</ele>
            </trkpt>
            <trkpt lat="61.631021" lon="-149.359619">
                <ele>undefined</ele>
            </trkpt>
            <trkpt lat="61.632085" lon="-149.356012">
                <ele>undefined</ele>
            </trkpt>
            <trkpt lat="61.632212" lon="-149.355519">
                <ele>undefined</ele>
            </trkpt>
            <trkpt lat="61.632787" lon="-149.353161">
                <ele>undefined</ele>
            </trkpt>
            <trkpt lat="61.63288" lon="-149.352858">
                <ele>undefined</ele>
            </trkpt>
            <trkpt lat="61.633089" lon="-149.352334">
                <ele>undefined</ele>
            </trkpt>
            <trkpt lat="61.633794" lon="-149.350975">
                <ele>undefined</ele>
            </trkpt>
            <trkpt lat="61.635163" lon="-149.348427">
                <ele>undefined</ele>
            </trkpt>
            <trkpt lat="61.635411" lon="-149.348073">
                <ele>undefined</ele>
            </trkpt>
            <trkpt lat="61.636149" lon="-149.347181">
                <ele>undefined</ele>
            </trkpt>
            <trkpt lat="61.636653" lon="-149.346371">
                <ele>undefined</ele>
            </trkpt>
            <trkpt lat="61.637209" lon="-149.345418">
                <ele>undefined</ele>
            </trkpt>
            <trkpt lat="61.637675" lon="-149.344736">
                <ele>undefined</ele>
            </trkpt>
            <trkpt lat="61.63799" lon="-149.344391">
                <ele>undefined</ele>
            </trkpt>
            <trkpt lat="61.638327" lon="-149.344158">
                <ele>undefined</ele>
            </trkpt>
            <trkpt lat="61.638611" lon="-149.343941">
                <ele>undefined</ele>
            </trkpt>
            <trkpt lat="61.638902" lon="-149.343482">
                <ele>undefined</ele>
            </trkpt>
            <trkpt lat="61.639799" lon="-149.341687">
                <ele>undefined</ele>
            </trkpt>
            <trkpt lat="61.639952" lon="-149.341296">
                <ele>undefined</ele>
            </trkpt>
            <trkpt lat="61.64066" lon="-149.338918">
                <ele>undefined</ele>
            </trkpt>
            <trkpt lat="61.640814" lon="-149.33832">
                <ele>undefined</ele>
            </trkpt>
            <trkpt lat="61.640875" lon="-149.337979">
                <ele>undefined</ele>
            </trkpt>
            <trkpt lat="61.640911" lon="-149.337671">
                <ele>undefined</ele>
            </trkpt>
            <trkpt lat="61.641044" lon="-149.335624">
                <ele>undefined</ele>
            </trkpt>
            <trkpt lat="61.641112" lon="-149.335179">
                <ele>undefined</ele>
            </trkpt>
            <trkpt lat="61.641245" lon="-149.334593">
                <ele>undefined</ele>
            </trkpt>
            <trkpt lat="61.641535" lon="-149.33363">
                <ele>undefined</ele>
            </trkpt>
            <trkpt lat="61.64181" lon="-149.332874">
                <ele>undefined</ele>
            </trkpt>
            <trkpt lat="61.642161" lon="-149.332197">
                <ele>undefined</ele>
            </trkpt>
            <trkpt lat="61.642838" lon="-149.331087">
                <ele>undefined</ele>
            </trkpt>
            <trkpt lat="61.642835" lon="-149.326908">
                <ele>undefined</ele>
            </trkpt>
            <trkpt lat="61.643779" lon="-149.326913">
                <ele>undefined</ele>
            </trkpt>
            <trkpt lat="61.644063" lon="-149.326869">
                <ele>undefined</ele>
            </trkpt>
            <trkpt lat="61.644278" lon="-149.32663">
                <ele>undefined</ele>
            </trkpt>
            <trkpt lat="61.644541" lon="-149.326201">
                <ele>undefined</ele>
            </trkpt>
            <trkpt lat="61.647378" lon="-149.320253">
                <ele>undefined</ele>
            </trkpt>
            <trkpt lat="61.647609" lon="-149.319661">
                <ele>undefined</ele>
            </trkpt>
            <trkpt lat="61.647734" lon="-149.319089">
                <ele>undefined</ele>
            </trkpt>
            <trkpt lat="61.647801" lon="-149.318516">
                <ele>undefined</ele>
            </trkpt>
            <trkpt lat="61.647823" lon="-149.317724">
                <ele>undefined</ele>
            </trkpt>
            <trkpt lat="61.647805" lon="-149.316867">
                <ele>undefined</ele>
            </trkpt>
            <trkpt lat="61.647812" lon="-149.315117">
                <ele>undefined</ele>
            </trkpt>
            <trkpt lat="61.649099" lon="-149.315111">
                <ele>undefined</ele>
            </trkpt>
            <trkpt lat="61.649539" lon="-149.315129">
                <ele>undefined</ele>
            </trkpt>
            <trkpt lat="61.64974" lon="-149.315214">
                <ele>undefined</ele>
            </trkpt>
            <trkpt lat="61.649871" lon="-149.315379">
                <ele>undefined</ele>
            </trkpt>
            <trkpt lat="61.650008" lon="-149.315623">
                <ele>undefined</ele>
            </trkpt>
            <trkpt lat="61.650228" lon="-149.315216">
                <ele>undefined</ele>
            </trkpt>
            <trkpt lat="61.650444" lon="-149.314952">
                <ele>undefined</ele>
            </trkpt>
            <trkpt lat="61.651827" lon="-149.313723">
                <ele>undefined</ele>
            </trkpt>
            <trkpt lat="61.652179" lon="-149.313453">
                <ele>undefined</ele>
            </trkpt>
            <trkpt lat="61.652902" lon="-149.313024">
                <ele>undefined</ele>
            </trkpt>
            <trkpt lat="61.653659" lon="-149.312381">
                <ele>undefined</ele>
            </trkpt>
            <trkpt lat="61.654523" lon="-149.311644">
                <ele>undefined</ele>
            </trkpt>
            <trkpt lat="61.654812" lon="-149.311446">
                <ele>undefined</ele>
            </trkpt>
            <trkpt lat="61.655203" lon="-149.311238">
                <ele>undefined</ele>
            </trkpt>
            <trkpt lat="61.655513" lon="-149.311179">
                <ele>undefined</ele>
            </trkpt>
            <trkpt lat="61.656262" lon="-149.311255">
                <ele>undefined</ele>
            </trkpt>
            <trkpt lat="61.656434" lon="-149.311232">
                <ele>undefined</ele>
            </trkpt>
            <trkpt lat="61.656611" lon="-149.311166">
                <ele>undefined</ele>
            </trkpt>
            <trkpt lat="61.65678" lon="-149.311051">
                <ele>undefined</ele>
            </trkpt>
            <trkpt lat="61.656938" lon="-149.310887">
                <ele>undefined</ele>
            </trkpt>
            <trkpt lat="61.657191" lon="-149.310483">
                <ele>undefined</ele>
            </trkpt>
            <trkpt lat="61.657353" lon="-149.310902">
                <ele>undefined</ele>
            </trkpt>
            <trkpt lat="61.657491" lon="-149.311189">
                <ele>undefined</ele>
            </trkpt>
            <trkpt lat="61.657625" lon="-149.311375">
                <ele>undefined</ele>
            </trkpt>
            <trkpt lat="61.659013" lon="-149.312948">
                <ele>undefined</ele>
            </trkpt>
            <trkpt lat="61.659778" lon="-149.313259">
                <ele>undefined</ele>
            </trkpt>
            <trkpt lat="61.65985" lon="-149.313554">
                <ele>undefined</ele>
            </trkpt>
            <trkpt lat="61.660224" lon="-149.31267">
                <ele>undefined</ele>
            </trkpt>
            <trkpt lat="61.660908" lon="-149.311515">
                <ele>undefined</ele>
            </trkpt>
            <trkpt lat="61.661441" lon="-149.310873">
                <ele>undefined</ele>
            </trkpt>
            <trkpt lat="61.661859" lon="-149.310841">
                <ele>undefined</ele>
            </trkpt>
            <trkpt lat="61.662513" lon="-149.31113">
                <ele>undefined</ele>
            </trkpt>
            <trkpt lat="61.663227" lon="-149.311835">
                <ele>undefined</ele>
            </trkpt>
            <trkpt lat="61.663586" lon="-149.313057">
                <ele>undefined</ele>
            </trkpt>
            <trkpt lat="61.663751" lon="-149.312983">
                <ele>undefined</ele>
            </trkpt>
            <trkpt lat="61.663947" lon="-149.312731">
                <ele>undefined</ele>
            </trkpt>
            <trkpt lat="61.664136" lon="-149.312211">
                <ele>undefined</ele>
            </trkpt>
            <trkpt lat="61.664322" lon="-149.311609">
                <ele>undefined</ele>
            </trkpt>
            <trkpt lat="61.664391" lon="-149.310991">
                <ele>undefined</ele>
            </trkpt>
            <trkpt lat="61.664333" lon="-149.308129">
                <ele>undefined</ele>
            </trkpt>
            <trkpt lat="61.66441" lon="-149.307243">
                <ele>undefined</ele>
            </trkpt>
            <trkpt lat="61.664437" lon="-149.305549">
                <ele>undefined</ele>
            </trkpt>
            <trkpt lat="61.664444" lon="-149.30182">
                <ele>undefined</ele>
            </trkpt>
            <trkpt lat="61.664484" lon="-149.301763">
                <ele>undefined</ele>
            </trkpt>
            <trkpt lat="61.664484" lon="-149.301763">
                <ele>undefined</ele>
            </trkpt>
            <trkpt lat="61.66479" lon="-149.301317">
                <ele>undefined</ele>
            </trkpt>
            <trkpt lat="61.665156" lon="-149.300898">
                <ele>undefined</ele>
            </trkpt>
            <trkpt lat="61.665069" lon="-149.300584">
                <ele>undefined</ele>
            </trkpt>
            <trkpt lat="61.665003" lon="-149.300005">
                <ele>undefined</ele>
            </trkpt>
            <trkpt lat="61.665153" lon="-149.299093">
                <ele>undefined</ele>
            </trkpt>
            <trkpt lat="61.6653" lon="-149.297984">
                <ele>undefined</ele>
            </trkpt>
            <trkpt lat="61.665323" lon="-149.297318">
                <ele>undefined</ele>
            </trkpt>
            <trkpt lat="61.665294" lon="-149.296332">
                <ele>undefined</ele>
            </trkpt>
            <trkpt lat="61.66542" lon="-149.295392">
                <ele>undefined</ele>
            </trkpt>
            <trkpt lat="61.665553" lon="-149.294759">
                <ele>undefined</ele>
            </trkpt>
            <trkpt lat="61.665899" lon="-149.294147">
                <ele>undefined</ele>
            </trkpt>
            <trkpt lat="61.666281" lon="-149.2939">
                <ele>undefined</ele>
            </trkpt>
            <trkpt lat="61.666739" lon="-149.293868">
                <ele>undefined</ele>
            </trkpt>
            <trkpt lat="61.667089" lon="-149.29385">
                <ele>undefined</ele>
            </trkpt>
            <trkpt lat="61.667311" lon="-149.293878">
                <ele>undefined</ele>
            </trkpt>
            <trkpt lat="61.667496" lon="-149.294005">
                <ele>undefined</ele>
            </trkpt>
            <trkpt lat="61.667666" lon="-149.294287">
                <ele>undefined</ele>
            </trkpt>
            <trkpt lat="61.667955" lon="-149.294976">
                <ele>undefined</ele>
            </trkpt>
            <trkpt lat="61.668572" lon="-149.296293">
                <ele>undefined</ele>
            </trkpt>
            <trkpt lat="61.668724" lon="-149.295914">
                <ele>undefined</ele>
            </trkpt>
            <trkpt lat="61.668877" lon="-149.29546">
                <ele>undefined</ele>
            </trkpt>
            <trkpt lat="61.669237" lon="-149.294255">
                <ele>undefined</ele>
            </trkpt>
            <trkpt lat="61.669491" lon="-149.293315">
                <ele>undefined</ele>
            </trkpt>
            <trkpt lat="61.669812" lon="-149.292033">
                <ele>undefined</ele>
            </trkpt>
            <trkpt lat="61.669945" lon="-149.291231">
                <ele>undefined</ele>
            </trkpt>
            <trkpt lat="61.670129" lon="-149.289326">
                <ele>undefined</ele>
            </trkpt>
            <trkpt lat="61.67019" lon="-149.288999">
                <ele>undefined</ele>
            </trkpt>
            <trkpt lat="61.670297" lon="-149.288626">
                <ele>undefined</ele>
            </trkpt>
            <trkpt lat="61.67045" lon="-149.288149">
                <ele>undefined</ele>
            </trkpt>
            <trkpt lat="61.670583" lon="-149.2878">
                <ele>undefined</ele>
            </trkpt>
            <trkpt lat="61.670742" lon="-149.287488">
                <ele>undefined</ele>
            </trkpt>
            <trkpt lat="61.670887" lon="-149.287279">
                <ele>undefined</ele>
            </trkpt>
            <trkpt lat="61.671657" lon="-149.286308">
                <ele>undefined</ele>
            </trkpt>
            <trkpt lat="61.671926" lon="-149.286021">
                <ele>undefined</ele>
            </trkpt>
            <trkpt lat="61.673126" lon="-149.285124">
                <ele>undefined</ele>
            </trkpt>
            <trkpt lat="61.67334" lon="-149.284892">
                <ele>undefined</ele>
            </trkpt>
            <trkpt lat="61.673557" lon="-149.284504">
                <ele>undefined</ele>
            </trkpt>
            <trkpt lat="61.673673" lon="-149.284214">
                <ele>undefined</ele>
            </trkpt>
            <trkpt lat="61.673816" lon="-149.283745">
                <ele>undefined</ele>
            </trkpt>
            <trkpt lat="61.673936" lon="-149.283207">
                <ele>undefined</ele>
            </trkpt>
            <trkpt lat="61.674056" lon="-149.282358">
                <ele>undefined</ele>
            </trkpt>
            <trkpt lat="61.674104" lon="-149.281839">
                <ele>undefined</ele>
            </trkpt>
            <trkpt lat="61.674114" lon="-149.281483">
                <ele>undefined</ele>
            </trkpt>
            <trkpt lat="61.6741" lon="-149.280386">
                <ele>undefined</ele>
            </trkpt>
            <trkpt lat="61.674153" lon="-149.279604">
                <ele>undefined</ele>
            </trkpt>
            <trkpt lat="61.674224" lon="-149.279151">
                <ele>undefined</ele>
            </trkpt>
            <trkpt lat="61.674448" lon="-149.27805">
                <ele>undefined</ele>
            </trkpt>
            <trkpt lat="61.674667" lon="-149.276366">
                <ele>undefined</ele>
            </trkpt>
            <trkpt lat="61.674729" lon="-149.275729">
                <ele>undefined</ele>
            </trkpt>
            <trkpt lat="61.674817" lon="-149.274484">
                <ele>undefined</ele>
            </trkpt>
            <trkpt lat="61.674818" lon="-149.273965">
                <ele>undefined</ele>
            </trkpt>
            <trkpt lat="61.674783" lon="-149.272757">
                <ele>undefined</ele>
            </trkpt>
            <trkpt lat="61.674815" lon="-149.272052">
                <ele>undefined</ele>
            </trkpt>
            <trkpt lat="61.675112" lon="-149.270208">
                <ele>undefined</ele>
            </trkpt>
            <trkpt lat="61.67517" lon="-149.269626">
                <ele>undefined</ele>
            </trkpt>
            <trkpt lat="61.675176" lon="-149.269146">
                <ele>undefined</ele>
            </trkpt>
            <trkpt lat="61.675153" lon="-149.268806">
                <ele>undefined</ele>
            </trkpt>
            <trkpt lat="61.675043" lon="-149.268017">
                <ele>undefined</ele>
            </trkpt>
            <trkpt lat="61.674999" lon="-149.267572">
                <ele>undefined</ele>
            </trkpt>
            <trkpt lat="61.674995" lon="-149.267337">
                <ele>undefined</ele>
            </trkpt>
            <trkpt lat="61.67501" lon="-149.267124">
                <ele>undefined</ele>
            </trkpt>
            <trkpt lat="61.675126" lon="-149.266477">
                <ele>undefined</ele>
            </trkpt>
            <trkpt lat="61.675321" lon="-149.265552">
                <ele>undefined</ele>
            </trkpt>
            <trkpt lat="61.675422" lon="-149.265198">
                <ele>undefined</ele>
            </trkpt>
            <trkpt lat="61.675793" lon="-149.264105">
                <ele>undefined</ele>
            </trkpt>
            <trkpt lat="61.675898" lon="-149.263633">
                <ele>undefined</ele>
            </trkpt>
            <trkpt lat="61.675924" lon="-149.263424">
                <ele>undefined</ele>
            </trkpt>
            <trkpt lat="61.675946" lon="-149.262751">
                <ele>undefined</ele>
            </trkpt>
            <trkpt lat="61.675925" lon="-149.2612">
                <ele>undefined</ele>
            </trkpt>
            <trkpt lat="61.67592" lon="-149.260659">
                <ele>undefined</ele>
            </trkpt>
            <trkpt lat="61.675932" lon="-149.2604">
                <ele>undefined</ele>
            </trkpt>
            <trkpt lat="61.675966" lon="-149.260141">
                <ele>undefined</ele>
            </trkpt>
            <trkpt lat="61.676029" lon="-149.259884">
                <ele>undefined</ele>
            </trkpt>
            <trkpt lat="61.67607" lon="-149.259759">
                <ele>undefined</ele>
            </trkpt>
            <trkpt lat="61.676208" lon="-149.259463">
                <ele>undefined</ele>
            </trkpt>
            <trkpt lat="61.676759" lon="-149.258548">
                <ele>undefined</ele>
            </trkpt>
            <trkpt lat="61.677594" lon="-149.257283">
                <ele>undefined</ele>
            </trkpt>
            <trkpt lat="61.678572" lon="-149.255873">
                <ele>undefined</ele>
            </trkpt>
            <trkpt lat="61.678572" lon="-149.255873">
                <ele>undefined</ele>
            </trkpt>
            <trkpt lat="61.678753" lon="-149.255612">
                <ele>undefined</ele>
            </trkpt>
            <trkpt lat="61.679003" lon="-149.255159">
                <ele>undefined</ele>
            </trkpt>
            <trkpt lat="61.679195" lon="-149.254755">
                <ele>undefined</ele>
            </trkpt>
            <trkpt lat="61.679428" lon="-149.25412">
                <ele>undefined</ele>
            </trkpt>
            <trkpt lat="61.679726" lon="-149.253068">
                <ele>undefined</ele>
            </trkpt>
            <trkpt lat="61.679834" lon="-149.252744">
                <ele>undefined</ele>
            </trkpt>
            <trkpt lat="61.679968" lon="-149.252414">
                <ele>undefined</ele>
            </trkpt>
            <trkpt lat="61.680187" lon="-149.252015">
                <ele>undefined</ele>
            </trkpt>
            <trkpt lat="61.680358" lon="-149.251816">
                <ele>undefined</ele>
            </trkpt>
            <trkpt lat="61.680534" lon="-149.251678">
                <ele>undefined</ele>
            </trkpt>
            <trkpt lat="61.68066" lon="-149.251619">
                <ele>undefined</ele>
            </trkpt>
            <trkpt lat="61.680865" lon="-149.251584">
                <ele>undefined</ele>
            </trkpt>
            <trkpt lat="61.681599" lon="-149.251595">
                <ele>undefined</ele>
            </trkpt>
            <trkpt lat="61.681833" lon="-149.251504">
                <ele>undefined</ele>
            </trkpt>
            <trkpt lat="61.681985" lon="-149.251367">
                <ele>undefined</ele>
            </trkpt>
            <trkpt lat="61.682095" lon="-149.251221">
                <ele>undefined</ele>
            </trkpt>
            <trkpt lat="61.682316" lon="-149.250854">
                <ele>undefined</ele>
            </trkpt>
            <trkpt lat="61.683081" lon="-149.249379">
                <ele>undefined</ele>
            </trkpt>
            <trkpt lat="61.683778" lon="-149.248319">
                <ele>undefined</ele>
            </trkpt>
            <trkpt lat="61.684194" lon="-149.24761">
                <ele>undefined</ele>
            </trkpt>
            <trkpt lat="61.684499" lon="-149.247029">
                <ele>undefined</ele>
            </trkpt>
            <trkpt lat="61.684671" lon="-149.246773">
                <ele>undefined</ele>
            </trkpt>
            <trkpt lat="61.684917" lon="-149.246528">
                <ele>undefined</ele>
            </trkpt>
            <trkpt lat="61.68505" lon="-149.246451">
                <ele>undefined</ele>
            </trkpt>
            <trkpt lat="61.68523" lon="-149.246392">
                <ele>undefined</ele>
            </trkpt>
            <trkpt lat="61.68551" lon="-149.24638">
                <ele>undefined</ele>
            </trkpt>
            <trkpt lat="61.686074" lon="-149.246462">
                <ele>undefined</ele>
            </trkpt>
            <trkpt lat="61.686074" lon="-149.24523">
                <ele>undefined</ele>
            </trkpt>
            <trkpt lat="61.686074" lon="-149.245005">
                <ele>undefined</ele>
            </trkpt>
            <trkpt lat="61.686073" lon="-149.24329">
                <ele>undefined</ele>
            </trkpt>
            <trkpt lat="61.686072" lon="-149.242727">
                <ele>undefined</ele>
            </trkpt>
            <trkpt lat="61.686072" lon="-149.241204">
                <ele>undefined</ele>
            </trkpt>
            <trkpt lat="61.685659" lon="-149.241018">
                <ele>undefined</ele>
            </trkpt>
            <trkpt lat="61.685109" lon="-149.24068">
                <ele>undefined</ele>
            </trkpt>
            <trkpt lat="61.684836" lon="-149.240477">
                <ele>undefined</ele>
            </trkpt>
            <trkpt lat="61.684806" lon="-149.240424">
                <ele>undefined</ele>
            </trkpt>
            <trkpt lat="61.684772" lon="-149.240261">
                <ele>undefined</ele>
            </trkpt>
            <trkpt lat="61.684766" lon="-149.240091">
                <ele>undefined</ele>
            </trkpt>
            <trkpt lat="61.684784" lon="-149.239754">
                <ele>undefined</ele>
            </trkpt>
            <trkpt lat="61.683961" lon="-149.239368">
                <ele>undefined</ele>
            </trkpt>
            <trkpt lat="61.683296" lon="-149.238949">
                <ele>undefined</ele>
            </trkpt>
            <trkpt lat="61.682895" lon="-149.238654">
                <ele>undefined</ele>
            </trkpt>
            <trkpt lat="61.682187" lon="-149.238016">
                <ele>undefined</ele>
            </trkpt>
            <trkpt lat="61.68184" lon="-149.237662">
                <ele>undefined</ele>
            </trkpt>
            <trkpt lat="61.681401" lon="-149.237148">
                <ele>undefined</ele>
            </trkpt>
            <trkpt lat="61.680646" lon="-149.236145">
                <ele>undefined</ele>
            </trkpt>
            <trkpt lat="61.678797" lon="-149.233494">
                <ele>undefined</ele>
            </trkpt>
            <trkpt lat="61.677054" lon="-149.231003">
                <ele>undefined</ele>
            </trkpt>
            <trkpt lat="61.676811" lon="-149.232408">
                <ele>undefined</ele>
            </trkpt>
            <trkpt lat="61.676771" lon="-149.232714">
                <ele>undefined</ele>
            </trkpt>
            <trkpt lat="61.676754" lon="-149.233535">
                <ele>undefined</ele>
            </trkpt>
            <trkpt lat="61.67474" lon="-149.233499">
                <ele>undefined</ele>
            </trkpt>
            <trkpt lat="61.674519" lon="-149.233346">
                <ele>undefined</ele>
            </trkpt>
            <trkpt lat="61.674388" lon="-149.232978">
                <ele>undefined</ele>
            </trkpt>
            <trkpt lat="61.674335" lon="-149.232582">
                <ele>undefined</ele>
            </trkpt>
            <trkpt lat="61.674357" lon="-149.230944">
                <ele>undefined</ele>
            </trkpt>
            <trkpt lat="61.674326" lon="-149.230577">
                <ele>undefined</ele>
            </trkpt>
            <trkpt lat="61.674243" lon="-149.230187">
                <ele>undefined</ele>
            </trkpt>
            <trkpt lat="61.674122" lon="-149.229795">
                <ele>undefined</ele>
            </trkpt>
            <trkpt lat="61.673947" lon="-149.229457">
                <ele>undefined</ele>
            </trkpt>
            <trkpt lat="61.673478" lon="-149.228338">
                <ele>undefined</ele>
            </trkpt>
            <trkpt lat="61.673053" lon="-149.227471">
                <ele>undefined</ele>
            </trkpt>
            <trkpt lat="61.672917" lon="-149.227321">
                <ele>undefined</ele>
            </trkpt>
            <trkpt lat="61.672441" lon="-149.226922">
                <ele>undefined</ele>
            </trkpt>
            <trkpt lat="61.672198" lon="-149.226799">
                <ele>undefined</ele>
            </trkpt>
            <trkpt lat="61.671656" lon="-149.226833">
                <ele>undefined</ele>
            </trkpt>
            <trkpt lat="61.67166" lon="-149.224415">
                <ele>undefined</ele>
            </trkpt>
            <trkpt lat="61.671676" lon="-149.224177">
                <ele>undefined</ele>
            </trkpt>
            <trkpt lat="61.671753" lon="-149.223643">
                <ele>undefined</ele>
            </trkpt>
            <trkpt lat="61.671573" lon="-149.223471">
                <ele>undefined</ele>
            </trkpt>
            <trkpt lat="61.671249" lon="-149.223204">
                <ele>undefined</ele>
            </trkpt>
            <trkpt lat="61.670942" lon="-149.222995">
                <ele>undefined</ele>
            </trkpt>
            <trkpt lat="61.670653" lon="-149.222839">
                <ele>undefined</ele>
            </trkpt>
            <trkpt lat="61.670117" lon="-149.222606">
                <ele>undefined</ele>
            </trkpt>
            <trkpt lat="61.669605" lon="-149.222477">
                <ele>undefined</ele>
            </trkpt>
            <trkpt lat="61.668888" lon="-149.222463">
                <ele>undefined</ele>
            </trkpt>
            <trkpt lat="61.668401" lon="-149.222539">
                <ele>undefined</ele>
            </trkpt>
            <trkpt lat="61.667789" lon="-149.222753">
                <ele>undefined</ele>
            </trkpt>
            <trkpt lat="61.666189" lon="-149.223679">
                <ele>undefined</ele>
            </trkpt>
            <trkpt lat="61.665625" lon="-149.223943">
                <ele>undefined</ele>
            </trkpt>
            <trkpt lat="61.664988" lon="-149.224126">
                <ele>undefined</ele>
            </trkpt>
            <trkpt lat="61.66447" lon="-149.224203">
                <ele>undefined</ele>
            </trkpt>
            <trkpt lat="61.66382" lon="-149.224185">
                <ele>undefined</ele>
            </trkpt>
            <trkpt lat="61.663199" lon="-149.224058">
                <ele>undefined</ele>
            </trkpt>
            <trkpt lat="61.662871" lon="-149.223951">
                <ele>undefined</ele>
            </trkpt>
            <trkpt lat="61.662376" lon="-149.223736">
                <ele>undefined</ele>
            </trkpt>
            <trkpt lat="61.661864" lon="-149.223435">
                <ele>undefined</ele>
            </trkpt>
            <trkpt lat="61.661224" lon="-149.222946">
                <ele>undefined</ele>
            </trkpt>
            <trkpt lat="61.657171" lon="-149.219237">
                <ele>undefined</ele>
            </trkpt>
            <trkpt lat="61.654937" lon="-149.217182">
                <ele>undefined</ele>
            </trkpt>
            <trkpt lat="61.654842" lon="-149.217095">
                <ele>undefined</ele>
            </trkpt>
            <trkpt lat="61.652624" lon="-149.215064">
                <ele>undefined</ele>
            </trkpt>
            <trkpt lat="61.64993" lon="-149.212582">
                <ele>undefined</ele>
            </trkpt>
            <trkpt lat="61.64993" lon="-149.212582">
                <ele>undefined</ele>
            </trkpt>
            <trkpt lat="61.649086" lon="-149.211804">
                <ele>undefined</ele>
            </trkpt>
            <trkpt lat="61.648623" lon="-149.21126">
                <ele>undefined</ele>
            </trkpt>
            <trkpt lat="61.648146" lon="-149.210569">
                <ele>undefined</ele>
            </trkpt>
            <trkpt lat="61.647767" lon="-149.209871">
                <ele>undefined</ele>
            </trkpt>
            <trkpt lat="61.647422" lon="-149.209107">
                <ele>undefined</ele>
            </trkpt>
            <trkpt lat="61.64721" lon="-149.208558">
                <ele>undefined</ele>
            </trkpt>
            <trkpt lat="61.646426" lon="-149.206348">
                <ele>undefined</ele>
            </trkpt>
            <trkpt lat="61.645391" lon="-149.203414">
                <ele>undefined</ele>
            </trkpt>
            <trkpt lat="61.644558" lon="-149.201092">
                <ele>undefined</ele>
            </trkpt>
            <trkpt lat="61.644093" lon="-149.199967">
                <ele>undefined</ele>
            </trkpt>
            <trkpt lat="61.643809" lon="-149.199363">
                <ele>undefined</ele>
            </trkpt>
            <trkpt lat="61.643353" lon="-149.198464">
                <ele>undefined</ele>
            </trkpt>
            <trkpt lat="61.642925" lon="-149.197717">
                <ele>undefined</ele>
            </trkpt>
            <trkpt lat="61.642639" lon="-149.197266">
                <ele>undefined</ele>
            </trkpt>
            <trkpt lat="61.642235" lon="-149.19666">
                <ele>undefined</ele>
            </trkpt>
            <trkpt lat="61.641795" lon="-149.196089">
                <ele>undefined</ele>
            </trkpt>
            <trkpt lat="61.641262" lon="-149.195465">
                <ele>undefined</ele>
            </trkpt>
            <trkpt lat="61.640724" lon="-149.194918">
                <ele>undefined</ele>
            </trkpt>
            <trkpt lat="61.640175" lon="-149.19444">
                <ele>undefined</ele>
            </trkpt>
            <trkpt lat="61.638315" lon="-149.193092">
                <ele>undefined</ele>
            </trkpt>
            <trkpt lat="61.634922" lon="-149.190655">
                <ele>undefined</ele>
            </trkpt>
            <trkpt lat="61.634231" lon="-149.190147">
                <ele>undefined</ele>
            </trkpt>
            <trkpt lat="61.633189" lon="-149.189374">
                <ele>undefined</ele>
            </trkpt>
            <trkpt lat="61.633132" lon="-149.189332">
                <ele>undefined</ele>
            </trkpt>
            <trkpt lat="61.631935" lon="-149.18847">
                <ele>undefined</ele>
            </trkpt>
            <trkpt lat="61.631565" lon="-149.188188">
                <ele>undefined</ele>
            </trkpt>
            <trkpt lat="61.631131" lon="-149.187776">
                <ele>undefined</ele>
            </trkpt>
            <trkpt lat="61.630591" lon="-149.187112">
                <ele>undefined</ele>
            </trkpt>
            <trkpt lat="61.630219" lon="-149.186532">
                <ele>undefined</ele>
            </trkpt>
            <trkpt lat="61.629842" lon="-149.185813">
                <ele>undefined</ele>
            </trkpt>
            <trkpt lat="61.62945" lon="-149.184897">
                <ele>undefined</ele>
            </trkpt>
            <trkpt lat="61.629186" lon="-149.184124">
                <ele>undefined</ele>
            </trkpt>
            <trkpt lat="61.628889" lon="-149.183083">
                <ele>undefined</ele>
            </trkpt>
            <trkpt lat="61.62877" lon="-149.182578">
                <ele>undefined</ele>
            </trkpt>
            <trkpt lat="61.628619" lon="-149.181786">
                <ele>undefined</ele>
            </trkpt>
            <trkpt lat="61.628513" lon="-149.181092">
                <ele>undefined</ele>
            </trkpt>
            <trkpt lat="61.628432" lon="-149.180427">
                <ele>undefined</ele>
            </trkpt>
            <trkpt lat="61.628355" lon="-149.17953">
                <ele>undefined</ele>
            </trkpt>
            <trkpt lat="61.628315" lon="-149.178201">
                <ele>undefined</ele>
            </trkpt>
            <trkpt lat="61.628308" lon="-149.176279">
                <ele>undefined</ele>
            </trkpt>
            <trkpt lat="61.628311" lon="-149.171533">
                <ele>undefined</ele>
            </trkpt>
            <trkpt lat="61.628309" lon="-149.169413">
                <ele>undefined</ele>
            </trkpt>
            <trkpt lat="61.628313" lon="-149.163862">
                <ele>undefined</ele>
            </trkpt>
            <trkpt lat="61.628312" lon="-149.162163">
                <ele>undefined</ele>
            </trkpt>
            <trkpt lat="61.628311" lon="-149.161366">
                <ele>undefined</ele>
            </trkpt>
            <trkpt lat="61.62831" lon="-149.160075">
                <ele>undefined</ele>
            </trkpt>
            <trkpt lat="61.628311" lon="-149.159822">
                <ele>undefined</ele>
            </trkpt>
            <trkpt lat="61.628312" lon="-149.158096">
                <ele>undefined</ele>
            </trkpt>
            <trkpt lat="61.628314" lon="-149.156322">
                <ele>undefined</ele>
            </trkpt>
            <trkpt lat="61.628315" lon="-149.156085">
                <ele>undefined</ele>
            </trkpt>
            <trkpt lat="61.628314" lon="-149.154061">
                <ele>undefined</ele>
            </trkpt>
            <trkpt lat="61.628313" lon="-149.148719">
                <ele>undefined</ele>
            </trkpt>
            <trkpt lat="61.628313" lon="-149.144593">
                <ele>undefined</ele>
            </trkpt>
            <trkpt lat="61.628313" lon="-149.142421">
                <ele>undefined</ele>
            </trkpt>
            <trkpt lat="61.628315" lon="-149.137399">
                <ele>undefined</ele>
            </trkpt>
            <trkpt lat="61.628313" lon="-149.135513">
                <ele>undefined</ele>
            </trkpt>
            <trkpt lat="61.628313" lon="-149.13533">
                <ele>undefined</ele>
            </trkpt>
            <trkpt lat="61.628314" lon="-149.133585">
                <ele>undefined</ele>
            </trkpt>
            <trkpt lat="61.628314" lon="-149.133585">
                <ele>undefined</ele>
            </trkpt>
            <trkpt lat="61.628314" lon="-149.130356">
                <ele>undefined</ele>
            </trkpt>
            <trkpt lat="61.628314" lon="-149.129617">
                <ele>undefined</ele>
            </trkpt>
            <trkpt lat="61.628312" lon="-149.127277">
                <ele>undefined</ele>
            </trkpt>
            <trkpt lat="61.628308" lon="-149.126138">
                <ele>undefined</ele>
            </trkpt>
            <trkpt lat="61.628305" lon="-149.125664">
                <ele>undefined</ele>
            </trkpt>
            <trkpt lat="61.628276" lon="-149.122043">
                <ele>undefined</ele>
            </trkpt>
            <trkpt lat="61.628272" lon="-149.120574">
                <ele>undefined</ele>
            </trkpt>
            <trkpt lat="61.627614" lon="-149.120511">
                <ele>undefined</ele>
            </trkpt>
            <trkpt lat="61.627299" lon="-149.120421">
                <ele>undefined</ele>
            </trkpt>
            <trkpt lat="61.626866" lon="-149.120208">
                <ele>undefined</ele>
            </trkpt>
            <trkpt lat="61.626531" lon="-149.119966">
                <ele>undefined</ele>
            </trkpt>
            <trkpt lat="61.625372" lon="-149.119013">
                <ele>undefined</ele>
            </trkpt>
            <trkpt lat="61.624786" lon="-149.118659">
                <ele>undefined</ele>
            </trkpt>
            <trkpt lat="61.62454" lon="-149.118563">
                <ele>undefined</ele>
            </trkpt>
            <trkpt lat="61.624096" lon="-149.118469">
                <ele>undefined</ele>
            </trkpt>
            <trkpt lat="61.622243" lon="-149.118453">
                <ele>undefined</ele>
            </trkpt>
            <trkpt lat="61.621958" lon="-149.118453">
                <ele>undefined</ele>
            </trkpt>
            <trkpt lat="61.621959" lon="-149.119044">
                <ele>undefined</ele>
            </trkpt>
            <trkpt lat="61.62193" lon="-149.119243">
                <ele>undefined</ele>
            </trkpt>
            <trkpt lat="61.621928" lon="-149.119769">
                <ele>undefined</ele>
            </trkpt>
            <trkpt lat="61.621949" lon="-149.120075">
                <ele>undefined</ele>
            </trkpt>
            <trkpt lat="61.622012" lon="-149.120341">
                <ele>undefined</ele>
            </trkpt>
            <trkpt lat="61.622153" lon="-149.120805">
                <ele>undefined</ele>
            </trkpt>
            <trkpt lat="61.62245" lon="-149.121769">
                <ele>undefined</ele>
            </trkpt>
            <trkpt lat="61.622164" lon="-149.122145">
                <ele>undefined</ele>
            </trkpt>
            <trkpt lat="61.622058" lon="-149.122216">
                <ele>undefined</ele>
            </trkpt>
            <trkpt lat="61.621925" lon="-149.122239">
                <ele>undefined</ele>
            </trkpt>
            <trkpt lat="61.621614" lon="-149.122141">
                <ele>undefined</ele>
            </trkpt>
            <trkpt lat="61.620362" lon="-149.121734">
                <ele>undefined</ele>
            </trkpt>
            <trkpt lat="61.620002" lon="-149.121609">
                <ele>undefined</ele>
            </trkpt>
            <trkpt lat="61.619825" lon="-149.121648">
                <ele>undefined</ele>
            </trkpt>
            <trkpt lat="61.619747" lon="-149.121708">
                <ele>undefined</ele>
            </trkpt>
            <trkpt lat="61.619669" lon="-149.121816">
                <ele>undefined</ele>
            </trkpt>
            <trkpt lat="61.619601" lon="-149.121951">
                <ele>undefined</ele>
            </trkpt>
            <trkpt lat="61.61954" lon="-149.122132">
                <ele>undefined</ele>
            </trkpt>
            <trkpt lat="61.618803" lon="-149.124861">
                <ele>undefined</ele>
            </trkpt>
            <trkpt lat="61.618773" lon="-149.125187">
                <ele>undefined</ele>
            </trkpt>
            <trkpt lat="61.618769" lon="-149.126974">
                <ele>undefined</ele>
            </trkpt>
            <trkpt lat="61.617925" lon="-149.126994">
                <ele>undefined</ele>
            </trkpt>
            <trkpt lat="61.617472" lon="-149.126984">
                <ele>undefined</ele>
            </trkpt>
            <trkpt lat="61.617483" lon="-149.121968">
                <ele>undefined</ele>
            </trkpt>
            <trkpt lat="61.617489" lon="-149.120258">
                <ele>undefined</ele>
            </trkpt>
            <trkpt lat="61.61733" lon="-149.120282">
                <ele>undefined</ele>
            </trkpt>
            <trkpt lat="61.61701" lon="-149.120475">
                <ele>undefined</ele>
            </trkpt>
            <trkpt lat="61.616831" lon="-149.120534">
                <ele>undefined</ele>
            </trkpt>
            <trkpt lat="61.616328" lon="-149.120546">
                <ele>undefined</ele>
            </trkpt>
            <trkpt lat="61.616148" lon="-149.120522">
                <ele>undefined</ele>
            </trkpt>
            <trkpt lat="61.615963" lon="-149.120386">
                <ele>undefined</ele>
            </trkpt>
            <trkpt lat="61.615852" lon="-149.120238">
                <ele>undefined</ele>
            </trkpt>
            <trkpt lat="61.615485" lon="-149.119496">
                <ele>undefined</ele>
            </trkpt>
            <trkpt lat="61.615303" lon="-149.119695">
                <ele>undefined</ele>
            </trkpt>
            <trkpt lat="61.615212" lon="-149.119829">
                <ele>undefined</ele>
            </trkpt>
            <trkpt lat="61.615085" lon="-149.120192">
                <ele>undefined</ele>
            </trkpt>
            <trkpt lat="61.61503" lon="-149.120285">
                <ele>undefined</ele>
            </trkpt>
            <trkpt lat="61.614945" lon="-149.120335">
                <ele>undefined</ele>
            </trkpt>
            <trkpt lat="61.614906" lon="-149.120304">
                <ele>undefined</ele>
            </trkpt>
            <trkpt lat="61.61488" lon="-149.120246">
                <ele>undefined</ele>
            </trkpt>
            <trkpt lat="61.61487" lon="-149.1201">
                <ele>undefined</ele>
            </trkpt>
            <trkpt lat="61.614891" lon="-149.119881">
                <ele>undefined</ele>
            </trkpt>
            <trkpt lat="61.615095" lon="-149.118735">
                <ele>undefined</ele>
            </trkpt>
            <trkpt lat="61.615112" lon="-149.11857">
                <ele>undefined</ele>
            </trkpt>
            <trkpt lat="61.61511" lon="-149.118403">
                <ele>undefined</ele>
            </trkpt>
            <trkpt lat="61.613966" lon="-149.118398">
                <ele>undefined</ele>
            </trkpt>
            <trkpt lat="61.613887" lon="-149.118399">
                <ele>undefined</ele>
            </trkpt>
            <trkpt lat="61.613579" lon="-149.118396">
                <ele>undefined</ele>
            </trkpt>
            <trkpt lat="61.613579" lon="-149.118396">
                <ele>undefined</ele>
            </trkpt>
            <trkpt lat="61.612516" lon="-149.118387">
                <ele>undefined</ele>
            </trkpt>
            <trkpt lat="61.612517" lon="-149.116391">
                <ele>undefined</ele>
            </trkpt>
            <trkpt lat="61.61258" lon="-149.116391">
                <ele>undefined</ele>
            </trkpt>
            <trkpt lat="61.612579" lon="-149.116265">
                <ele>undefined</ele>
            </trkpt>
            <trkpt lat="61.612559" lon="-149.116184">
                <ele>undefined</ele>
            </trkpt>
            <trkpt lat="61.612556" lon="-149.114829">
                <ele>undefined</ele>
            </trkpt>
            <trkpt lat="61.612562" lon="-149.114645">
                <ele>undefined</ele>
            </trkpt>
            <trkpt lat="61.612564" lon="-149.114477">
                <ele>undefined</ele>
            </trkpt>
            <trkpt lat="61.612516" lon="-149.114475">
                <ele>undefined</ele>
            </trkpt>
            <trkpt lat="61.612458" lon="-149.114473">
                <ele>undefined</ele>
            </trkpt>
            <trkpt lat="61.612417" lon="-149.114515">
                <ele>undefined</ele>
            </trkpt>
            <trkpt lat="61.610866" lon="-149.114506">
                <ele>undefined</ele>
            </trkpt>
            <trkpt lat="61.6108" lon="-149.114506">
                <ele>undefined</ele>
            </trkpt>
            <trkpt lat="61.610727" lon="-149.114508">
                <ele>undefined</ele>
            </trkpt>
            <trkpt lat="61.610226" lon="-149.114514">
                <ele>undefined</ele>
            </trkpt>
            <trkpt lat="61.608794" lon="-149.114517">
                <ele>undefined</ele>
            </trkpt>
            <trkpt lat="61.608757" lon="-149.114492">
                <ele>undefined</ele>
            </trkpt>
            <trkpt lat="61.608688" lon="-149.114493">
                <ele>undefined</ele>
            </trkpt>
            <trkpt lat="61.608627" lon="-149.114494">
                <ele>undefined</ele>
            </trkpt>
            <trkpt lat="61.608202" lon="-149.114516">
                <ele>undefined</ele>
            </trkpt>
            <trkpt lat="61.607762" lon="-149.114499">
                <ele>undefined</ele>
            </trkpt>
            <trkpt lat="61.607703" lon="-149.114498">
                <ele>undefined</ele>
            </trkpt>
            <trkpt lat="61.607638" lon="-149.114498">
                <ele>undefined</ele>
            </trkpt>
            <trkpt lat="61.606774" lon="-149.114496">
                <ele>undefined</ele>
            </trkpt>
            <trkpt lat="61.606774" lon="-149.114641">
                <ele>undefined</ele>
            </trkpt>
            <trkpt lat="61.606775" lon="-149.114811">
                <ele>undefined</ele>
            </trkpt>
            <trkpt lat="61.606748" lon="-149.114857">
                <ele>undefined</ele>
            </trkpt>
            <trkpt lat="61.60674" lon="-149.114915">
                <ele>undefined</ele>
            </trkpt>
            <trkpt lat="61.606664" lon="-149.114911">
                <ele>undefined</ele>
            </trkpt>
            <trkpt lat="61.606588" lon="-149.114908">
                <ele>undefined</ele>
            </trkpt>
            <trkpt lat="61.606542" lon="-149.11481">
                <ele>undefined</ele>
            </trkpt>
            <trkpt lat="61.605725" lon="-149.114795">
                <ele>undefined</ele>
            </trkpt>
            <trkpt lat="61.604529" lon="-149.114791">
                <ele>undefined</ele>
            </trkpt>
            <trkpt lat="61.604431" lon="-149.114791">
                <ele>undefined</ele>
            </trkpt>
            <trkpt lat="61.60436" lon="-149.11479">
                <ele>undefined</ele>
            </trkpt>
            <trkpt lat="61.604293" lon="-149.114789">
                <ele>undefined</ele>
            </trkpt>
            <trkpt lat="61.603444" lon="-149.114785">
                <ele>undefined</ele>
            </trkpt>
            <trkpt lat="61.603376" lon="-149.114786">
                <ele>undefined</ele>
            </trkpt>
            <trkpt lat="61.603308" lon="-149.114787">
                <ele>undefined</ele>
            </trkpt>
            <trkpt lat="61.602858" lon="-149.114782">
                <ele>undefined</ele>
            </trkpt>
            <trkpt lat="61.602575" lon="-149.114782">
                <ele>undefined</ele>
            </trkpt>
            <trkpt lat="61.602457" lon="-149.114781">
                <ele>undefined</ele>
            </trkpt>
            <trkpt lat="61.602384" lon="-149.114783">
                <ele>undefined</ele>
            </trkpt>
            <trkpt lat="61.602316" lon="-149.114786">
                <ele>undefined</ele>
            </trkpt>
            <trkpt lat="61.601487" lon="-149.114773">
                <ele>undefined</ele>
            </trkpt>
            <trkpt lat="61.601474" lon="-149.114794">
                <ele>undefined</ele>
            </trkpt>
            <trkpt lat="61.60141" lon="-149.114792">
                <ele>undefined</ele>
            </trkpt>
            <trkpt lat="61.601334" lon="-149.114808">
                <ele>undefined</ele>
            </trkpt>
            <trkpt lat="61.600498" lon="-149.1148">
                <ele>undefined</ele>
            </trkpt>
            <trkpt lat="61.600422" lon="-149.114801">
                <ele>undefined</ele>
            </trkpt>
            <trkpt lat="61.60035" lon="-149.114804">
                <ele>undefined</ele>
            </trkpt>
            <trkpt lat="61.600343" lon="-149.114796">
                <ele>undefined</ele>
            </trkpt>
            <trkpt lat="61.600221" lon="-149.1148">
                <ele>undefined</ele>
            </trkpt>
            <trkpt lat="61.599556" lon="-149.114767">
                <ele>undefined</ele>
            </trkpt>
            <trkpt lat="61.599518" lon="-149.114801">
                <ele>undefined</ele>
            </trkpt>
            <trkpt lat="61.599443" lon="-149.114792">
                <ele>undefined</ele>
            </trkpt>
            <trkpt lat="61.599365" lon="-149.114784">
                <ele>undefined</ele>
            </trkpt>
            <trkpt lat="61.599357" lon="-149.114769">
                <ele>undefined</ele>
            </trkpt>
            <trkpt lat="61.598431" lon="-149.11521">
                <ele>undefined</ele>
            </trkpt>
            <trkpt lat="61.598365" lon="-149.115239">
                <ele>undefined</ele>
            </trkpt>
            <trkpt lat="61.598297" lon="-149.11527">
                <ele>undefined</ele>
            </trkpt>
            <trkpt lat="61.598258" lon="-149.115252">
                <ele>undefined</ele>
            </trkpt>
            <trkpt lat="61.597762" lon="-149.11549">
                <ele>undefined</ele>
            </trkpt>
            <trkpt lat="61.597533" lon="-149.115607">
                <ele>undefined</ele>
            </trkpt>
            <trkpt lat="61.59746" lon="-149.115641">
                <ele>undefined</ele>
            </trkpt>
            <trkpt lat="61.59739" lon="-149.115675">
                <ele>undefined</ele>
            </trkpt>
            <trkpt lat="61.597244" lon="-149.115741">
                <ele>undefined</ele>
            </trkpt>
            <trkpt lat="61.597301" lon="-149.116125">
                <ele>undefined</ele>
            </trkpt>
            <trkpt lat="61.59731" lon="-149.116299">
                <ele>undefined</ele>
            </trkpt>
            <trkpt lat="61.596692" lon="-149.116299">
                <ele>undefined</ele>
            </trkpt>
            <trkpt lat="61.596693" lon="-149.116436">
                <ele>undefined</ele>
            </trkpt>
            <trkpt lat="61.596715" lon="-149.116436">
                <ele>undefined</ele>
            </trkpt>
            <trkpt lat="61.596714" lon="-149.116571">
                <ele>undefined</ele>
            </trkpt>
            <trkpt lat="61.596241" lon="-149.116566">
                <ele>undefined</ele>
            </trkpt>
            <trkpt lat="61.596139" lon="-149.116468">
                <ele>undefined</ele>
            </trkpt>
            <trkpt lat="61.596062" lon="-149.116307">
                <ele>undefined</ele>
            </trkpt>
            <trkpt lat="61.596026" lon="-149.116283">
                <ele>undefined</ele>
            </trkpt>
            <trkpt lat="61.595808" lon="-149.116437">
                <ele>undefined</ele>
            </trkpt>
            <trkpt lat="61.595727" lon="-149.11649">
                <ele>undefined</ele>
            </trkpt>
            <trkpt lat="61.595648" lon="-149.116544">
                <ele>undefined</ele>
            </trkpt>
            <trkpt lat="61.595619" lon="-149.116534">
                <ele>undefined</ele>
            </trkpt>
            <trkpt lat="61.595235" lon="-149.116841">
                <ele>undefined</ele>
            </trkpt>
            <trkpt lat="61.595143" lon="-149.116932">
                <ele>undefined</ele>
            </trkpt>
            <trkpt lat="61.595077" lon="-149.116999">
                <ele>undefined</ele>
            </trkpt>
            <trkpt lat="61.594481" lon="-149.117635">
                <ele>undefined</ele>
            </trkpt>
            <trkpt lat="61.59423" lon="-149.117941">
                <ele>undefined</ele>
            </trkpt>
            <trkpt lat="61.594152" lon="-149.118063">
                <ele>undefined</ele>
            </trkpt>
            <trkpt lat="61.594129" lon="-149.118152">
                <ele>undefined</ele>
            </trkpt>
            <trkpt lat="61.594058" lon="-149.118244">
                <ele>undefined</ele>
            </trkpt>
            <trkpt lat="61.59393" lon="-149.118408">
                <ele>undefined</ele>
            </trkpt>
            <trkpt lat="61.593835" lon="-149.118478">
                <ele>undefined</ele>
            </trkpt>
            <trkpt lat="61.593271" lon="-149.119248">
                <ele>undefined</ele>
            </trkpt>
            <trkpt lat="61.592666" lon="-149.120075">
                <ele>undefined</ele>
            </trkpt>
            <trkpt lat="61.59207" lon="-149.120889">
                <ele>undefined</ele>
            </trkpt>
            <trkpt lat="61.591958" lon="-149.121077">
                <ele>undefined</ele>
            </trkpt>
            <trkpt lat="61.591839" lon="-149.121354">
                <ele>undefined</ele>
            </trkpt>
            <trkpt lat="61.591753" lon="-149.121714">
                <ele>undefined</ele>
            </trkpt>
            <trkpt lat="61.591724" lon="-149.122151">
                <ele>undefined</ele>
            </trkpt>
            <trkpt lat="61.59173" lon="-149.12224">
                <ele>undefined</ele>
            </trkpt>
            <trkpt lat="61.591768" lon="-149.122352">
                <ele>undefined</ele>
            </trkpt>
            <trkpt lat="61.591786" lon="-149.122383">
                <ele>undefined</ele>
            </trkpt>
            <trkpt lat="61.59181" lon="-149.122598">
                <ele>undefined</ele>
            </trkpt>
            <trkpt lat="61.591838" lon="-149.122857">
                <ele>undefined</ele>
            </trkpt>
            <trkpt lat="61.591864" lon="-149.123093">
                <ele>undefined</ele>
            </trkpt>
            <trkpt lat="61.591847" lon="-149.123151">
                <ele>undefined</ele>
            </trkpt>
            <trkpt lat="61.59184" lon="-149.123309">
                <ele>undefined</ele>
            </trkpt>
            <trkpt lat="61.591905" lon="-149.123908">
                <ele>undefined</ele>
            </trkpt>
            <trkpt lat="61.591901" lon="-149.124075">
                <ele>undefined</ele>
            </trkpt>
            <trkpt lat="61.591922" lon="-149.124328">
                <ele>undefined</ele>
            </trkpt>
            <trkpt lat="61.591932" lon="-149.124446">
                <ele>undefined</ele>
            </trkpt>
            <trkpt lat="61.591675" lon="-149.124669">
                <ele>undefined</ele>
            </trkpt>
            <trkpt lat="61.5913" lon="-149.12481">
                <ele>undefined</ele>
            </trkpt>
            <trkpt lat="61.591082" lon="-149.124837">
                <ele>undefined</ele>
            </trkpt>
            <trkpt lat="61.59042" lon="-149.124816">
                <ele>undefined</ele>
            </trkpt>
            <trkpt lat="61.590228" lon="-149.124864">
                <ele>undefined</ele>
            </trkpt>
            <trkpt lat="61.590014" lon="-149.124992">
                <ele>undefined</ele>
            </trkpt>
            <trkpt lat="61.589801" lon="-149.125194">
                <ele>undefined</ele>
            </trkpt>
            <trkpt lat="61.58863" lon="-149.126784">
                <ele>undefined</ele>
            </trkpt>
            <trkpt lat="61.588406" lon="-149.127217">
                <ele>undefined</ele>
            </trkpt>
            <trkpt lat="61.588277" lon="-149.127553">
                <ele>undefined</ele>
            </trkpt>
            <trkpt lat="61.588183" lon="-149.127903">
                <ele>undefined</ele>
            </trkpt>
            <trkpt lat="61.588105" lon="-149.128356">
                <ele>undefined</ele>
            </trkpt>
            <trkpt lat="61.58795" lon="-149.130187">
                <ele>undefined</ele>
            </trkpt>
            <trkpt lat="61.587889" lon="-149.130734">
                <ele>undefined</ele>
            </trkpt>
            <trkpt lat="61.587812" lon="-149.131157">
                <ele>undefined</ele>
            </trkpt>
            <trkpt lat="61.587721" lon="-149.131526">
                <ele>undefined</ele>
            </trkpt>
            <trkpt lat="61.587568" lon="-149.131958">
                <ele>undefined</ele>
            </trkpt>
            <trkpt lat="61.587414" lon="-149.132283">
                <ele>undefined</ele>
            </trkpt>
            <trkpt lat="61.58728" lon="-149.1325">
                <ele>undefined</ele>
            </trkpt>
            <trkpt lat="61.587116" lon="-149.132709">
                <ele>undefined</ele>
            </trkpt>
            <trkpt lat="61.586999" lon="-149.132818">
                <ele>undefined</ele>
            </trkpt>
            <trkpt lat="61.586862" lon="-149.132928">
                <ele>undefined</ele>
            </trkpt>
            <trkpt lat="61.586612" lon="-149.133045">
                <ele>undefined</ele>
            </trkpt>
            <trkpt lat="61.586225" lon="-149.133103">
                <ele>undefined</ele>
            </trkpt>
            <trkpt lat="61.585239" lon="-149.133082">
                <ele>undefined</ele>
            </trkpt>
            <trkpt lat="61.585126" lon="-149.133038">
                <ele>undefined</ele>
            </trkpt>
            <trkpt lat="61.585077" lon="-149.132977">
                <ele>undefined</ele>
            </trkpt>
            <trkpt lat="61.58497" lon="-149.132974">
                <ele>undefined</ele>
            </trkpt>
            <trkpt lat="61.584869" lon="-149.132971">
                <ele>undefined</ele>
            </trkpt>
            <trkpt lat="61.584816" lon="-149.133032">
                <ele>undefined</ele>
            </trkpt>
            <trkpt lat="61.584731" lon="-149.133068">
                <ele>undefined</ele>
            </trkpt>
            <trkpt lat="61.584224" lon="-149.133124">
                <ele>undefined</ele>
            </trkpt>
            <trkpt lat="61.584044" lon="-149.133206">
                <ele>undefined</ele>
            </trkpt>
            <trkpt lat="61.583851" lon="-149.133353">
                <ele>undefined</ele>
            </trkpt>
            <trkpt lat="61.583738" lon="-149.13348">
                <ele>undefined</ele>
            </trkpt>
            <trkpt lat="61.581543" lon="-149.136469">
                <ele>undefined</ele>
            </trkpt>
            <trkpt lat="61.581444" lon="-149.136567">
                <ele>undefined</ele>
            </trkpt>
            <trkpt lat="61.581335" lon="-149.136602">
                <ele>undefined</ele>
            </trkpt>
            <trkpt lat="61.581259" lon="-149.136704">
                <ele>undefined</ele>
            </trkpt>
            <trkpt lat="61.581175" lon="-149.136816">
                <ele>undefined</ele>
            </trkpt>
            <trkpt lat="61.581092" lon="-149.137062">
                <ele>undefined</ele>
            </trkpt>
            <trkpt lat="61.580975" lon="-149.137241">
                <ele>undefined</ele>
            </trkpt>
            <trkpt lat="61.579688" lon="-149.138978">
                <ele>undefined</ele>
            </trkpt>
            <trkpt lat="61.579629" lon="-149.139033">
                <ele>undefined</ele>
            </trkpt>
            <trkpt lat="61.579515" lon="-149.139078">
                <ele>undefined</ele>
            </trkpt>
            <trkpt lat="61.579442" lon="-149.139173">
                <ele>undefined</ele>
            </trkpt>
            <trkpt lat="61.579365" lon="-149.139276">
                <ele>undefined</ele>
            </trkpt>
            <trkpt lat="61.5793" lon="-149.139485">
                <ele>undefined</ele>
            </trkpt>
            <trkpt lat="61.579241" lon="-149.13959">
                <ele>undefined</ele>
            </trkpt>
            <trkpt lat="61.577168" lon="-149.14242">
                <ele>undefined</ele>
            </trkpt>
            <trkpt lat="61.573316" lon="-149.147655">
                <ele>undefined</ele>
            </trkpt>
            <trkpt lat="61.573217" lon="-149.147773">
                <ele>undefined</ele>
            </trkpt>
            <trkpt lat="61.573073" lon="-149.147842">
                <ele>undefined</ele>
            </trkpt>
            <trkpt lat="61.573002" lon="-149.14798">
                <ele>undefined</ele>
            </trkpt>
            <trkpt lat="61.572946" lon="-149.148087">
                <ele>undefined</ele>
            </trkpt>
            <trkpt lat="61.572887" lon="-149.148391">
                <ele>undefined</ele>
            </trkpt>
            <trkpt lat="61.572712" lon="-149.14897">
                <ele>undefined</ele>
            </trkpt>
            <trkpt lat="61.572443" lon="-149.150103">
                <ele>undefined</ele>
            </trkpt>
            <trkpt lat="61.572338" lon="-149.150462">
                <ele>undefined</ele>
            </trkpt>
            <trkpt lat="61.572236" lon="-149.15073">
                <ele>undefined</ele>
            </trkpt>
            <trkpt lat="61.572034" lon="-149.151133">
                <ele>undefined</ele>
            </trkpt>
            <trkpt lat="61.571616" lon="-149.151712">
                <ele>undefined</ele>
            </trkpt>
            <trkpt lat="61.571525" lon="-149.151802">
                <ele>undefined</ele>
            </trkpt>
            <trkpt lat="61.571412" lon="-149.15182">
                <ele>undefined</ele>
            </trkpt>
            <trkpt lat="61.57139" lon="-149.151743">
                <ele>undefined</ele>
            </trkpt>
            <trkpt lat="61.571323" lon="-149.151558">
                <ele>undefined</ele>
            </trkpt>
            <trkpt lat="61.571214" lon="-149.151322">
                <ele>undefined</ele>
            </trkpt>
            <trkpt lat="61.571094" lon="-149.150929">
                <ele>undefined</ele>
            </trkpt>
            <trkpt lat="61.570978" lon="-149.150456">
                <ele>undefined</ele>
            </trkpt>
            <trkpt lat="61.570936" lon="-149.150383">
                <ele>undefined</ele>
            </trkpt>
            <trkpt lat="61.570905" lon="-149.150362">
                <ele>undefined</ele>
            </trkpt>
            <trkpt lat="61.570859" lon="-149.150383">
                <ele>undefined</ele>
            </trkpt>
            <trkpt lat="61.57079" lon="-149.150458">
                <ele>undefined</ele>
            </trkpt>
            <trkpt lat="61.570726" lon="-149.150696">
                <ele>undefined</ele>
            </trkpt>
            <trkpt lat="61.570665" lon="-149.150825">
                <ele>undefined</ele>
            </trkpt>
            <trkpt lat="61.568169" lon="-149.154237">
                <ele>undefined</ele>
            </trkpt>
            <trkpt lat="61.568054" lon="-149.154378">
                <ele>undefined</ele>
            </trkpt>
            <trkpt lat="61.567884" lon="-149.154492">
                <ele>undefined</ele>
            </trkpt>
            <trkpt lat="61.567053" lon="-149.155624">
                <ele>undefined</ele>
            </trkpt>
            <trkpt lat="61.566883" lon="-149.155764">
                <ele>undefined</ele>
            </trkpt>
            <trkpt lat="61.56682" lon="-149.155852">
                <ele>undefined</ele>
            </trkpt>
            <trkpt lat="61.566737" lon="-149.156058">
                <ele>undefined</ele>
            </trkpt>
            <trkpt lat="61.565616" lon="-149.157622">
                <ele>undefined</ele>
            </trkpt>
            <trkpt lat="61.565501" lon="-149.157725">
                <ele>undefined</ele>
            </trkpt>
            <trkpt lat="61.565452" lon="-149.157811">
                <ele>undefined</ele>
            </trkpt>
            <trkpt lat="61.565433" lon="-149.157929">
                <ele>undefined</ele>
            </trkpt>
            <trkpt lat="61.565243" lon="-149.158126">
                <ele>undefined</ele>
            </trkpt>
            <trkpt lat="61.565167" lon="-149.15813">
                <ele>undefined</ele>
            </trkpt>
            <trkpt lat="61.565121" lon="-149.158173">
                <ele>undefined</ele>
            </trkpt>
            <trkpt lat="61.565029" lon="-149.158484">
                <ele>undefined</ele>
            </trkpt>
            <trkpt lat="61.564989" lon="-149.158559">
                <ele>undefined</ele>
            </trkpt>
            <trkpt lat="61.560668" lon="-149.164427">
                <ele>undefined</ele>
            </trkpt>
            <trkpt lat="61.560579" lon="-149.164518">
                <ele>undefined</ele>
            </trkpt>
            <trkpt lat="61.560401" lon="-149.164633">
                <ele>undefined</ele>
            </trkpt>
            <trkpt lat="61.559287" lon="-149.1661">
                <ele>undefined</ele>
            </trkpt>
            <trkpt lat="61.558833" lon="-149.166798">
                <ele>undefined</ele>
            </trkpt>
            <trkpt lat="61.558601" lon="-149.167232">
                <ele>undefined</ele>
            </trkpt>
            <trkpt lat="61.558482" lon="-149.167632">
                <ele>undefined</ele>
            </trkpt>
            <trkpt lat="61.554796" lon="-149.175442">
                <ele>undefined</ele>
            </trkpt>
            <trkpt lat="61.554617" lon="-149.175644">
                <ele>undefined</ele>
            </trkpt>
            <trkpt lat="61.554578" lon="-149.175764">
                <ele>undefined</ele>
            </trkpt>
            <trkpt lat="61.554571" lon="-149.17588">
                <ele>undefined</ele>
            </trkpt>
            <trkpt lat="61.554403" lon="-149.176167">
                <ele>undefined</ele>
            </trkpt>
            <trkpt lat="61.554348" lon="-149.176183">
                <ele>undefined</ele>
            </trkpt>
            <trkpt lat="61.554293" lon="-149.176258">
                <ele>undefined</ele>
            </trkpt>
            <trkpt lat="61.554232" lon="-149.176588">
                <ele>undefined</ele>
            </trkpt>
            <trkpt lat="61.554184" lon="-149.176735">
                <ele>undefined</ele>
            </trkpt>
            <trkpt lat="61.552981" lon="-149.179318">
                <ele>undefined</ele>
            </trkpt>
            <trkpt lat="61.552863" lon="-149.179471">
                <ele>undefined</ele>
            </trkpt>
            <trkpt lat="61.552783" lon="-149.17964">
                <ele>undefined</ele>
            </trkpt>
            <trkpt lat="61.552456" lon="-149.180549">
                <ele>undefined</ele>
            </trkpt>
            <trkpt lat="61.552213" lon="-149.181308">
                <ele>undefined</ele>
            </trkpt>
            <trkpt lat="61.551853" lon="-149.182658">
                <ele>undefined</ele>
            </trkpt>
            <trkpt lat="61.551673" lon="-149.183481">
                <ele>undefined</ele>
            </trkpt>
            <trkpt lat="61.551497" lon="-149.184436">
                <ele>undefined</ele>
            </trkpt>
            <trkpt lat="61.551377" lon="-149.185216">
                <ele>undefined</ele>
            </trkpt>
            <trkpt lat="61.551268" lon="-149.186064">
                <ele>undefined</ele>
            </trkpt>
            <trkpt lat="61.551203" lon="-149.186662">
                <ele>undefined</ele>
            </trkpt>
            <trkpt lat="61.551102" lon="-149.188089">
                <ele>undefined</ele>
            </trkpt>
            <trkpt lat="61.551069" lon="-149.188314">
                <ele>undefined</ele>
            </trkpt>
            <trkpt lat="61.551055" lon="-149.188634">
                <ele>undefined</ele>
            </trkpt>
            <trkpt lat="61.551074" lon="-149.188862">
                <ele>undefined</ele>
            </trkpt>
            <trkpt lat="61.551064" lon="-149.189881">
                <ele>undefined</ele>
            </trkpt>
            <trkpt lat="61.551087" lon="-149.191045">
                <ele>undefined</ele>
            </trkpt>
            <trkpt lat="61.551148" lon="-149.192115">
                <ele>undefined</ele>
            </trkpt>
            <trkpt lat="61.551653" lon="-149.198641">
                <ele>undefined</ele>
            </trkpt>
            <trkpt lat="61.551656" lon="-149.198976">
                <ele>undefined</ele>
            </trkpt>
            <trkpt lat="61.551681" lon="-149.199354">
                <ele>undefined</ele>
            </trkpt>
            <trkpt lat="61.551726" lon="-149.199566">
                <ele>undefined</ele>
            </trkpt>
            <trkpt lat="61.551833" lon="-149.201062">
                <ele>undefined</ele>
            </trkpt>
            <trkpt lat="61.551863" lon="-149.201304">
                <ele>undefined</ele>
            </trkpt>
            <trkpt lat="61.551918" lon="-149.201539">
                <ele>undefined</ele>
            </trkpt>
            <trkpt lat="61.551964" lon="-149.202309">
                <ele>undefined</ele>
            </trkpt>
            <trkpt lat="61.552043" lon="-149.204723">
                <ele>undefined</ele>
            </trkpt>
            <trkpt lat="61.552103" lon="-149.205833">
                <ele>undefined</ele>
            </trkpt>
            <trkpt lat="61.552083" lon="-149.207117">
                <ele>undefined</ele>
            </trkpt>
            <trkpt lat="61.552112" lon="-149.208751">
                <ele>undefined</ele>
            </trkpt>
            <trkpt lat="61.552215" lon="-149.210321">
                <ele>undefined</ele>
            </trkpt>
            <trkpt lat="61.55221" lon="-149.210868">
                <ele>undefined</ele>
            </trkpt>
            <trkpt lat="61.55215" lon="-149.212425">
                <ele>undefined</ele>
            </trkpt>
            <trkpt lat="61.552158" lon="-149.212716">
                <ele>undefined</ele>
            </trkpt>
            <trkpt lat="61.552188" lon="-149.212992">
                <ele>undefined</ele>
            </trkpt>
            <trkpt lat="61.552258" lon="-149.213335">
                <ele>undefined</ele>
            </trkpt>
            <trkpt lat="61.55284" lon="-149.215402">
                <ele>undefined</ele>
            </trkpt>
            <trkpt lat="61.553202" lon="-149.216802">
                <ele>undefined</ele>
            </trkpt>
            <trkpt lat="61.553347" lon="-149.217473">
                <ele>undefined</ele>
            </trkpt>
            <trkpt lat="61.553523" lon="-149.218411">
                <ele>undefined</ele>
            </trkpt>
            <trkpt lat="61.553777" lon="-149.219964">
                <ele>undefined</ele>
            </trkpt>
            <trkpt lat="61.553804" lon="-149.220322">
                <ele>undefined</ele>
            </trkpt>
            <trkpt lat="61.553794" lon="-149.220568">
                <ele>undefined</ele>
            </trkpt>
            <trkpt lat="61.553775" lon="-149.22069">
                <ele>undefined</ele>
            </trkpt>
            <trkpt lat="61.553692" lon="-149.221021">
                <ele>undefined</ele>
            </trkpt>
            <trkpt lat="61.55187" lon="-149.225637">
                <ele>undefined</ele>
            </trkpt>
            <trkpt lat="61.551826" lon="-149.225914">
                <ele>undefined</ele>
            </trkpt>
            <trkpt lat="61.551855" lon="-149.226441">
                <ele>undefined</ele>
            </trkpt>
            <trkpt lat="61.551842" lon="-149.226972">
                <ele>undefined</ele>
            </trkpt>
            <trkpt lat="61.551119" lon="-149.226999">
                <ele>undefined</ele>
            </trkpt>
            <trkpt lat="61.551089" lon="-149.225634">
                <ele>undefined</ele>
            </trkpt>
            <trkpt lat="61.551108" lon="-149.224758">
                <ele>undefined</ele>
            </trkpt>
            <trkpt lat="61.551108" lon="-149.224758">
                <ele>undefined</ele>
            </trkpt>
            <trkpt lat="61.551089" lon="-149.225634">
                <ele>undefined</ele>
            </trkpt>
            <trkpt lat="61.551119" lon="-149.226999">
                <ele>undefined</ele>
            </trkpt>
            <trkpt lat="61.551842" lon="-149.226972">
                <ele>undefined</ele>
            </trkpt>
            <trkpt lat="61.55248" lon="-149.226923">
                <ele>undefined</ele>
            </trkpt>
            <trkpt lat="61.552619" lon="-149.226818">
                <ele>undefined</ele>
            </trkpt>
            <trkpt lat="61.552709" lon="-149.226705">
                <ele>undefined</ele>
            </trkpt>
            <trkpt lat="61.552799" lon="-149.226541">
                <ele>undefined</ele>
            </trkpt>
            <trkpt lat="61.552912" lon="-149.226094">
                <ele>undefined</ele>
            </trkpt>
            <trkpt lat="61.553071" lon="-149.225216">
                <ele>undefined</ele>
            </trkpt>
            <trkpt lat="61.553205" lon="-149.224472">
                <ele>undefined</ele>
            </trkpt>
            <trkpt lat="61.553306" lon="-149.224166">
                <ele>undefined</ele>
            </trkpt>
            <trkpt lat="61.553433" lon="-149.223864">
                <ele>undefined</ele>
            </trkpt>
            <trkpt lat="61.55368" lon="-149.223507">
                <ele>undefined</ele>
            </trkpt>
            <trkpt lat="61.553997" lon="-149.223384">
                <ele>undefined</ele>
            </trkpt>
            <trkpt lat="61.554154" lon="-149.223061">
                <ele>undefined</ele>
            </trkpt>
            <trkpt lat="61.554283" lon="-149.222016">
                <ele>undefined</ele>
            </trkpt>
            <trkpt lat="61.55441" lon="-149.221412">
                <ele>undefined</ele>
            </trkpt>
            <trkpt lat="61.55462" lon="-149.221796">
                <ele>undefined</ele>
            </trkpt>
            <trkpt lat="61.554784" lon="-149.222409">
                <ele>undefined</ele>
            </trkpt>
            <trkpt lat="61.555233" lon="-149.222689">
                <ele>undefined</ele>
            </trkpt>
            <trkpt lat="61.555867" lon="-149.223014">
                <ele>undefined</ele>
            </trkpt>
            <trkpt lat="61.555999" lon="-149.223226">
                <ele>undefined</ele>
            </trkpt>
            <trkpt lat="61.55606" lon="-149.223277">
                <ele>undefined</ele>
            </trkpt>
            <trkpt lat="61.55626" lon="-149.224194">
                <ele>undefined</ele>
            </trkpt>
            <trkpt lat="61.557347" lon="-149.233786">
                <ele>undefined</ele>
            </trkpt>
            <trkpt lat="61.557431" lon="-149.233829">
                <ele>undefined</ele>
            </trkpt>
            <trkpt lat="61.557886" lon="-149.233759">
                <ele>undefined</ele>
            </trkpt>
            <trkpt lat="61.558098" lon="-149.233866">
                <ele>undefined</ele>
            </trkpt>
            <trkpt lat="61.558218" lon="-149.23422">
                <ele>undefined</ele>
            </trkpt>
            <trkpt lat="61.558374" lon="-149.234537">
                <ele>undefined</ele>
            </trkpt>
            <trkpt lat="61.558565" lon="-149.234735">
                <ele>undefined</ele>
            </trkpt>
            <trkpt lat="61.558683" lon="-149.235481">
                <ele>undefined</ele>
            </trkpt>
            <trkpt lat="61.558829" lon="-149.236082">
                <ele>undefined</ele>
            </trkpt>
            <trkpt lat="61.558987" lon="-149.23686">
                <ele>undefined</ele>
            </trkpt>
            <trkpt lat="61.559304" lon="-149.238572">
                <ele>undefined</ele>
            </trkpt>
            <trkpt lat="61.559404" lon="-149.238741">
                <ele>undefined</ele>
            </trkpt>
            <trkpt lat="61.559692" lon="-149.238878">
                <ele>undefined</ele>
            </trkpt>
            <trkpt lat="61.561171" lon="-149.238791">
                <ele>undefined</ele>
            </trkpt>
            <trkpt lat="61.560981" lon="-149.237983">
                <ele>undefined</ele>
            </trkpt>
            <trkpt lat="61.560784" lon="-149.237055">
                <ele>undefined</ele>
            </trkpt>
            <trkpt lat="61.560727" lon="-149.236518">
                <ele>undefined</ele>
            </trkpt>
            <trkpt lat="61.560728" lon="-149.236015">
                <ele>undefined</ele>
            </trkpt>
            <trkpt lat="61.560643" lon="-149.235709">
                <ele>undefined</ele>
            </trkpt>
            <trkpt lat="61.56042" lon="-149.235342">
                <ele>undefined</ele>
            </trkpt>
            <trkpt lat="61.560303" lon="-149.234966">
                <ele>undefined</ele>
            </trkpt>
            <trkpt lat="61.560308" lon="-149.234097">
                <ele>undefined</ele>
            </trkpt>
            <trkpt lat="61.560367" lon="-149.232246">
                <ele>undefined</ele>
            </trkpt>
            <trkpt lat="61.560479" lon="-149.231533">
                <ele>undefined</ele>
            </trkpt>
            <trkpt lat="61.560449" lon="-149.231381">
                <ele>undefined</ele>
            </trkpt>
            <trkpt lat="61.56043" lon="-149.230347">
                <ele>undefined</ele>
            </trkpt>
            <trkpt lat="61.560839" lon="-149.228877">
                <ele>undefined</ele>
            </trkpt>
            <trkpt lat="61.561309" lon="-149.226791">
                <ele>undefined</ele>
            </trkpt>
            <trkpt lat="61.561585" lon="-149.225181">
                <ele>undefined</ele>
            </trkpt>
            <trkpt lat="61.56193" lon="-149.224511">
                <ele>undefined</ele>
            </trkpt>
            <trkpt lat="61.562231" lon="-149.223551">
                <ele>undefined</ele>
            </trkpt>
            <trkpt lat="61.562387" lon="-149.223245">
                <ele>undefined</ele>
            </trkpt>
            <trkpt lat="61.562607" lon="-149.223175">
                <ele>undefined</ele>
            </trkpt>
            <trkpt lat="61.562635" lon="-149.223132">
                <ele>undefined</ele>
            </trkpt>
            <trkpt lat="61.562771" lon="-149.223288">
                <ele>undefined</ele>
            </trkpt>
            <trkpt lat="61.562888" lon="-149.223824">
                <ele>undefined</ele>
            </trkpt>
            <trkpt lat="61.562727" lon="-149.224505">
                <ele>undefined</ele>
            </trkpt>
            <trkpt lat="61.562727" lon="-149.22494">
                <ele>undefined</ele>
            </trkpt>
            <trkpt lat="61.562814" lon="-149.22546">
                <ele>undefined</ele>
            </trkpt>
            <trkpt lat="61.562852" lon="-149.226152">
                <ele>undefined</ele>
            </trkpt>
            <trkpt lat="61.563003" lon="-149.226646">
                <ele>undefined</ele>
            </trkpt>
            <trkpt lat="61.563271" lon="-149.226732">
                <ele>undefined</ele>
            </trkpt>
            <trkpt lat="61.563432" lon="-149.22663">
                <ele>undefined</ele>
            </trkpt>
            <trkpt lat="61.563658" lon="-149.226657">
                <ele>undefined</ele>
            </trkpt>
            <trkpt lat="61.563906" lon="-149.226756">
                <ele>undefined</ele>
            </trkpt>
            <trkpt lat="61.564081" lon="-149.227045">
                <ele>undefined</ele>
            </trkpt>
            <trkpt lat="61.564168" lon="-149.227499">
                <ele>undefined</ele>
            </trkpt>
            <trkpt lat="61.564223" lon="-149.228083">
                <ele>undefined</ele>
            </trkpt>
            <trkpt lat="61.564273" lon="-149.228266">
                <ele>undefined</ele>
            </trkpt>
            <trkpt lat="61.564048" lon="-149.230304">
                <ele>undefined</ele>
            </trkpt>
            <trkpt lat="61.563966" lon="-149.231549">
                <ele>undefined</ele>
            </trkpt>
            <trkpt lat="61.564068" lon="-149.232858">
                <ele>undefined</ele>
            </trkpt>
            <trkpt lat="61.564559" lon="-149.234832">
                <ele>undefined</ele>
            </trkpt>
            <trkpt lat="61.564804" lon="-149.23687">
                <ele>undefined</ele>
            </trkpt>
            <trkpt lat="61.565151" lon="-149.238909">
                <ele>undefined</ele>
            </trkpt>
            <trkpt lat="61.565284" lon="-149.240797">
                <ele>undefined</ele>
            </trkpt>
            <trkpt lat="61.565141" lon="-149.241741">
                <ele>undefined</ele>
            </trkpt>
            <trkpt lat="61.565427" lon="-149.243522">
                <ele>undefined</ele>
            </trkpt>
            <trkpt lat="61.565226" lon="-149.244961">
                <ele>undefined</ele>
            </trkpt>
            <trkpt lat="61.565742" lon="-149.245325">
                <ele>undefined</ele>
            </trkpt>
            <trkpt lat="61.565983" lon="-149.245586">
                <ele>undefined</ele>
            </trkpt>
            <trkpt lat="61.566107" lon="-149.245799">
                <ele>undefined</ele>
            </trkpt>
            <trkpt lat="61.566235" lon="-149.246116">
                <ele>undefined</ele>
            </trkpt>
            <trkpt lat="61.56628" lon="-149.246408">
                <ele>undefined</ele>
            </trkpt>
            <trkpt lat="61.56619" lon="-149.247452">
                <ele>undefined</ele>
            </trkpt>
            <trkpt lat="61.56619" lon="-149.247855">
                <ele>undefined</ele>
            </trkpt>
            <trkpt lat="61.566284" lon="-149.248346">
                <ele>undefined</ele>
            </trkpt>
            <trkpt lat="61.566348" lon="-149.253761">
                <ele>undefined</ele>
            </trkpt>
            <trkpt lat="61.566178" lon="-149.253781">
                <ele>undefined</ele>
            </trkpt>
            <trkpt lat="61.565775" lon="-149.253784">
                <ele>undefined</ele>
            </trkpt>
            <trkpt lat="61.565641" lon="-149.253811">
                <ele>undefined</ele>
            </trkpt>
            <trkpt lat="61.565543" lon="-149.253921">
                <ele>undefined</ele>
            </trkpt>
            <trkpt lat="61.565485" lon="-149.254149">
                <ele>undefined</ele>
            </trkpt>
            <trkpt lat="61.565469" lon="-149.254535">
                <ele>undefined</ele>
            </trkpt>
            <trkpt lat="61.565528" lon="-149.258208">
                <ele>undefined</ele>
            </trkpt>
            <trkpt lat="61.565576" lon="-149.258712">
                <ele>undefined</ele>
            </trkpt>
            <trkpt lat="61.565732" lon="-149.259596">
                <ele>undefined</ele>
            </trkpt>
            <trkpt lat="61.565593" lon="-149.2597">
                <ele>undefined</ele>
            </trkpt>
            <trkpt lat="61.565617" lon="-149.259826">
                <ele>undefined</ele>
            </trkpt>
            <trkpt lat="61.565679" lon="-149.259813">
                <ele>undefined</ele>
            </trkpt>
            <trkpt lat="61.565726" lon="-149.259912">
                <ele>undefined</ele>
            </trkpt>
            <trkpt lat="61.565898" lon="-149.260856">
                <ele>undefined</ele>
            </trkpt>
            <trkpt lat="61.565943" lon="-149.261283">
                <ele>undefined</ele>
            </trkpt>
            <trkpt lat="61.565988" lon="-149.261278">
                <ele>undefined</ele>
            </trkpt>
            <trkpt lat="61.566062" lon="-149.261207">
                <ele>undefined</ele>
            </trkpt>
            <trkpt lat="61.566091" lon="-149.261149">
                <ele>undefined</ele>
            </trkpt>
            <trkpt lat="61.566214" lon="-149.26132">
                <ele>undefined</ele>
            </trkpt>
            <trkpt lat="61.566291" lon="-149.26135">
                <ele>undefined</ele>
            </trkpt>
            <trkpt lat="61.566404" lon="-149.261334">
                <ele>undefined</ele>
            </trkpt>
            <trkpt lat="61.566412" lon="-149.261459">
                <ele>undefined</ele>
            </trkpt>
            <trkpt lat="61.566417" lon="-149.261541">
                <ele>undefined</ele>
            </trkpt>
            <trkpt lat="61.566448" lon="-149.261658">
                <ele>undefined</ele>
            </trkpt>
            <trkpt lat="61.566481" lon="-149.261757">
                <ele>undefined</ele>
            </trkpt>
            <trkpt lat="61.566429" lon="-149.261844">
                <ele>undefined</ele>
            </trkpt>
            <trkpt lat="61.566404" lon="-149.26194">
                <ele>undefined</ele>
            </trkpt>
            <trkpt lat="61.56639" lon="-149.262133">
                <ele>undefined</ele>
            </trkpt>
            <trkpt lat="61.566395" lon="-149.262332">
                <ele>undefined</ele>
            </trkpt>
            <trkpt lat="61.566463" lon="-149.262832">
                <ele>undefined</ele>
            </trkpt>
            <trkpt lat="61.566656" lon="-149.263745">
                <ele>undefined</ele>
            </trkpt>
            <trkpt lat="61.566686" lon="-149.264091">
                <ele>undefined</ele>
            </trkpt>
            <trkpt lat="61.566677" lon="-149.264349">
                <ele>undefined</ele>
            </trkpt>
            <trkpt lat="61.56662" lon="-149.264696">
                <ele>undefined</ele>
            </trkpt>
            <trkpt lat="61.566534" lon="-149.264968">
                <ele>undefined</ele>
            </trkpt>
            <trkpt lat="61.566444" lon="-149.265153">
                <ele>undefined</ele>
            </trkpt>
            <trkpt lat="61.566333" lon="-149.265304">
                <ele>undefined</ele>
            </trkpt>
            <trkpt lat="61.566146" lon="-149.265418">
                <ele>undefined</ele>
            </trkpt>
            <trkpt lat="61.564853" lon="-149.265455">
                <ele>undefined</ele>
            </trkpt>
            <trkpt lat="61.564625" lon="-149.265523">
                <ele>undefined</ele>
            </trkpt>
            <trkpt lat="61.564388" lon="-149.2657">
                <ele>undefined</ele>
            </trkpt>
            <trkpt lat="61.564201" lon="-149.26592">
                <ele>undefined</ele>
            </trkpt>
            <trkpt lat="61.564023" lon="-149.266234">
                <ele>undefined</ele>
            </trkpt>
            <trkpt lat="61.563884" lon="-149.266582">
                <ele>undefined</ele>
            </trkpt>
            <trkpt lat="61.563785" lon="-149.266931">
                <ele>undefined</ele>
            </trkpt>
            <trkpt lat="61.563723" lon="-149.267233">
                <ele>undefined</ele>
            </trkpt>
            <trkpt lat="61.563536" lon="-149.268701">
                <ele>undefined</ele>
            </trkpt>
            <trkpt lat="61.563415" lon="-149.269999">
                <ele>undefined</ele>
            </trkpt>
            <trkpt lat="61.563385" lon="-149.270607">
                <ele>undefined</ele>
            </trkpt>
            <trkpt lat="61.563378" lon="-149.271119">
                <ele>undefined</ele>
            </trkpt>
            <trkpt lat="61.563325" lon="-149.276767">
                <ele>undefined</ele>
            </trkpt>
            <trkpt lat="61.563322" lon="-149.284426">
                <ele>undefined</ele>
            </trkpt>
            <trkpt lat="61.563324" lon="-149.289302">
                <ele>undefined</ele>
            </trkpt>
            <trkpt lat="61.563333" lon="-149.295711">
                <ele>undefined</ele>
            </trkpt>
            <trkpt lat="61.563391" lon="-149.29708">
                <ele>undefined</ele>
            </trkpt>
            <trkpt lat="61.563471" lon="-149.298019">
                <ele>undefined</ele>
            </trkpt>
            <trkpt lat="61.5637" lon="-149.299916">
                <ele>undefined</ele>
            </trkpt>
            <trkpt lat="61.563872" lon="-149.301106">
                <ele>undefined</ele>
            </trkpt>
            <trkpt lat="61.564087" lon="-149.302176">
                <ele>undefined</ele>
            </trkpt>
            <trkpt lat="61.564259" lon="-149.30289">
                <ele>undefined</ele>
            </trkpt>
            <trkpt lat="61.564498" lon="-149.303705">
                <ele>undefined</ele>
            </trkpt>
            <trkpt lat="61.565009" lon="-149.305129">
                <ele>undefined</ele>
            </trkpt>
            <trkpt lat="61.56523" lon="-149.305636">
                <ele>undefined</ele>
            </trkpt>
            <trkpt lat="61.565412" lon="-149.306001">
                <ele>undefined</ele>
            </trkpt>
            <trkpt lat="61.565594" lon="-149.306322">
                <ele>undefined</ele>
            </trkpt>
            <trkpt lat="61.565857" lon="-149.306426">
                <ele>undefined</ele>
            </trkpt>
            <trkpt lat="61.565964" lon="-149.306515">
                <ele>undefined</ele>
            </trkpt>
            <trkpt lat="61.566133" lon="-149.306714">
                <ele>undefined</ele>
            </trkpt>
            <trkpt lat="61.567278" lon="-149.308207">
                <ele>undefined</ele>
            </trkpt>
            <trkpt lat="61.567572" lon="-149.308552">
                <ele>undefined</ele>
            </trkpt>
            <trkpt lat="61.567703" lon="-149.308805">
                <ele>undefined</ele>
            </trkpt>
            <trkpt lat="61.56844" lon="-149.309478">
                <ele>undefined</ele>
            </trkpt>
            <trkpt lat="61.568776" lon="-149.309865">
                <ele>undefined</ele>
            </trkpt>
            <trkpt lat="61.569013" lon="-149.310258">
                <ele>undefined</ele>
            </trkpt>
            <trkpt lat="61.569244" lon="-149.310765">
                <ele>undefined</ele>
            </trkpt>
            <trkpt lat="61.569421" lon="-149.311335">
                <ele>undefined</ele>
            </trkpt>
            <trkpt lat="61.569574" lon="-149.312027">
                <ele>undefined</ele>
            </trkpt>
            <trkpt lat="61.5695" lon="-149.312096">
                <ele>undefined</ele>
            </trkpt>
            <trkpt lat="61.56894" lon="-149.31256">
                <ele>undefined</ele>
            </trkpt>
            <trkpt lat="61.568238" lon="-149.312998">
                <ele>undefined</ele>
            </trkpt>
            <trkpt lat="61.567435" lon="-149.313504">
                <ele>undefined</ele>
            </trkpt>
            <trkpt lat="61.567276" lon="-149.313656">
                <ele>undefined</ele>
            </trkpt>
            <trkpt lat="61.567414" lon="-149.313992">
                <ele>undefined</ele>
            </trkpt>
            <trkpt lat="61.567538" lon="-149.314343">
                <ele>undefined</ele>
            </trkpt>
            <trkpt lat="61.56769" lon="-149.31485">
                <ele>undefined</ele>
            </trkpt>
            <trkpt lat="61.567785" lon="-149.315276">
                <ele>undefined</ele>
            </trkpt>
            <trkpt lat="61.567878" lon="-149.31586">
                <ele>undefined</ele>
            </trkpt>
            <trkpt lat="61.567946" lon="-149.316543">
                <ele>undefined</ele>
            </trkpt>
            <trkpt lat="61.567974" lon="-149.317267">
                <ele>undefined</ele>
            </trkpt>
            <trkpt lat="61.568009" lon="-149.321009">
                <ele>undefined</ele>
            </trkpt>
            <trkpt lat="61.56805" lon="-149.323752">
                <ele>undefined</ele>
            </trkpt>
            <trkpt lat="61.567802" lon="-149.32378">
                <ele>undefined</ele>
            </trkpt>
            <trkpt lat="61.567599" lon="-149.323877">
                <ele>undefined</ele>
            </trkpt>
            <trkpt lat="61.567449" lon="-149.324025">
                <ele>undefined</ele>
            </trkpt>
            <trkpt lat="61.567315" lon="-149.324254">
                <ele>undefined</ele>
            </trkpt>
            <trkpt lat="61.567207" lon="-149.324534">
                <ele>undefined</ele>
            </trkpt>
            <trkpt lat="61.567098" lon="-149.324966">
                <ele>undefined</ele>
            </trkpt>
            <trkpt lat="61.566912" lon="-149.326119">
                <ele>undefined</ele>
            </trkpt>
            <trkpt lat="61.566552" lon="-149.325837">
                <ele>undefined</ele>
            </trkpt>
            <trkpt lat="61.566093" lon="-149.325306">
                <ele>undefined</ele>
            </trkpt>
            <trkpt lat="61.56587" lon="-149.325043">
                <ele>undefined</ele>
            </trkpt>
            <trkpt lat="61.565773" lon="-149.324948">
                <ele>undefined</ele>
            </trkpt>
            <trkpt lat="61.56568" lon="-149.324906">
                <ele>undefined</ele>
            </trkpt>
            <trkpt lat="61.565494" lon="-149.324909">
                <ele>undefined</ele>
            </trkpt>
            <trkpt lat="61.565494" lon="-149.324909">
                <ele>undefined</ele>
            </trkpt>
            <trkpt lat="61.56568" lon="-149.324906">
                <ele>undefined</ele>
            </trkpt>
            <trkpt lat="61.565773" lon="-149.324948">
                <ele>undefined</ele>
            </trkpt>
            <trkpt lat="61.56587" lon="-149.325043">
                <ele>undefined</ele>
            </trkpt>
            <trkpt lat="61.566093" lon="-149.325306">
                <ele>undefined</ele>
            </trkpt>
            <trkpt lat="61.566552" lon="-149.325837">
                <ele>undefined</ele>
            </trkpt>
            <trkpt lat="61.566912" lon="-149.326119">
                <ele>undefined</ele>
            </trkpt>
            <trkpt lat="61.566705" lon="-149.32746">
                <ele>undefined</ele>
            </trkpt>
            <trkpt lat="61.566599" lon="-149.327927">
                <ele>undefined</ele>
            </trkpt>
            <trkpt lat="61.566542" lon="-149.32811">
                <ele>undefined</ele>
            </trkpt>
            <trkpt lat="61.566373" lon="-149.328506">
                <ele>undefined</ele>
            </trkpt>
            <trkpt lat="61.565997" lon="-149.329169">
                <ele>undefined</ele>
            </trkpt>
            <trkpt lat="61.56585" lon="-149.329469">
                <ele>undefined</ele>
            </trkpt>
            <trkpt lat="61.565514" lon="-149.330347">
                <ele>undefined</ele>
            </trkpt>
            <trkpt lat="61.565315" lon="-149.331023">
                <ele>undefined</ele>
            </trkpt>
            <trkpt lat="61.564044" lon="-149.335953">
                <ele>undefined</ele>
            </trkpt>
            <trkpt lat="61.56335" lon="-149.339401">
                <ele>undefined</ele>
            </trkpt>
            <trkpt lat="61.563238" lon="-149.340104">
                <ele>undefined</ele>
            </trkpt>
            <trkpt lat="61.563169" lon="-149.340859">
                <ele>undefined</ele>
            </trkpt>
            <trkpt lat="61.563031" lon="-149.343307">
                <ele>undefined</ele>
            </trkpt>
            <trkpt lat="61.563016" lon="-149.344473">
                <ele>undefined</ele>
            </trkpt>
            <trkpt lat="61.563057" lon="-149.345316">
                <ele>undefined</ele>
            </trkpt>
            <trkpt lat="61.563125" lon="-149.345793">
                <ele>undefined</ele>
            </trkpt>
            <trkpt lat="61.563213" lon="-149.346176">
                <ele>undefined</ele>
            </trkpt>
            <trkpt lat="61.56356" lon="-149.347507">
                <ele>undefined</ele>
            </trkpt>
            <trkpt lat="61.563893" lon="-149.348595">
                <ele>undefined</ele>
            </trkpt>
            <trkpt lat="61.563946" lon="-149.348816">
                <ele>undefined</ele>
            </trkpt>
            <trkpt lat="61.563977" lon="-149.349027">
                <ele>undefined</ele>
            </trkpt>
            <trkpt lat="61.564081" lon="-149.350368">
                <ele>undefined</ele>
            </trkpt>
            <trkpt lat="61.564134" lon="-149.350852">
                <ele>undefined</ele>
            </trkpt>
            <trkpt lat="61.564229" lon="-149.35147">
                <ele>undefined</ele>
            </trkpt>
            <trkpt lat="61.564391" lon="-149.3522">
                <ele>undefined</ele>
            </trkpt>
            <trkpt lat="61.564544" lon="-149.352709">
                <ele>undefined</ele>
            </trkpt>
            <trkpt lat="61.564729" lon="-149.353212">
                <ele>undefined</ele>
            </trkpt>
            <trkpt lat="61.564729" lon="-149.353212">
                <ele>undefined</ele>
            </trkpt>
            <trkpt lat="61.564838" lon="-149.35351">
                <ele>undefined</ele>
            </trkpt>
            <trkpt lat="61.565001" lon="-149.354233">
                <ele>undefined</ele>
            </trkpt>
            <trkpt lat="61.565128" lon="-149.354669">
                <ele>undefined</ele>
            </trkpt>
            <trkpt lat="61.565231" lon="-149.354925">
                <ele>undefined</ele>
            </trkpt>
            <trkpt lat="61.565366" lon="-149.355192">
                <ele>undefined</ele>
            </trkpt>
            <trkpt lat="61.566319" lon="-149.356961">
                <ele>undefined</ele>
            </trkpt>
            <trkpt lat="61.566472" lon="-149.357287">
                <ele>undefined</ele>
            </trkpt>
            <trkpt lat="61.566556" lon="-149.35752">
                <ele>undefined</ele>
            </trkpt>
            <trkpt lat="61.566618" lon="-149.357756">
                <ele>undefined</ele>
            </trkpt>
            <trkpt lat="61.566678" lon="-149.35811">
                <ele>undefined</ele>
            </trkpt>
            <trkpt lat="61.566699" lon="-149.358408">
                <ele>undefined</ele>
            </trkpt>
            <trkpt lat="61.566694" lon="-149.358757">
                <ele>undefined</ele>
            </trkpt>
            <trkpt lat="61.56667" lon="-149.358976">
                <ele>undefined</ele>
            </trkpt>
            <trkpt lat="61.56667" lon="-149.358976">
                <ele>undefined</ele>
            </trkpt>
            <trkpt lat="61.56664" lon="-149.359261">
                <ele>undefined</ele>
            </trkpt>
            <trkpt lat="61.566592" lon="-149.359526">
                <ele>undefined</ele>
            </trkpt>
            <trkpt lat="61.566464" lon="-149.359897">
                <ele>undefined</ele>
            </trkpt>
            <trkpt lat="61.566112" lon="-149.36068">
                <ele>undefined</ele>
            </trkpt>
            <trkpt lat="61.565969" lon="-149.361053">
                <ele>undefined</ele>
            </trkpt>
            <trkpt lat="61.56589" lon="-149.361443">
                <ele>undefined</ele>
            </trkpt>
            <trkpt lat="61.565831" lon="-149.361994">
                <ele>undefined</ele>
            </trkpt>
            <trkpt lat="61.565831" lon="-149.361994">
                <ele>undefined</ele>
            </trkpt>
            <trkpt lat="61.565797" lon="-149.362315">
                <ele>undefined</ele>
            </trkpt>
            <trkpt lat="61.566067" lon="-149.36246">
                <ele>undefined</ele>
            </trkpt>
            <trkpt lat="61.566071" lon="-149.36355">
                <ele>undefined</ele>
            </trkpt>
            <trkpt lat="61.566113" lon="-149.363629">
                <ele>undefined</ele>
            </trkpt>
            <trkpt lat="61.566245" lon="-149.363628">
                <ele>undefined</ele>
            </trkpt>
            <trkpt lat="61.566243" lon="-149.364028">
                <ele>undefined</ele>
            </trkpt>
            <trkpt lat="61.566243" lon="-149.364148">
                <ele>undefined</ele>
            </trkpt>
            <trkpt lat="61.566188" lon="-149.364149">
                <ele>undefined</ele>
            </trkpt>
            <trkpt lat="61.566168" lon="-149.364193">
                <ele>undefined</ele>
            </trkpt>
            <trkpt lat="61.566171" lon="-149.364451">
                <ele>undefined</ele>
            </trkpt>
            <trkpt lat="61.566171" lon="-149.364523">
                <ele>undefined</ele>
            </trkpt>
            <trkpt lat="61.566074" lon="-149.364522">
                <ele>undefined</ele>
            </trkpt>
            <trkpt lat="61.56589" lon="-149.364546">
                <ele>undefined</ele>
            </trkpt>
            <trkpt lat="61.565818" lon="-149.364633">
                <ele>undefined</ele>
            </trkpt>
            <trkpt lat="61.565687" lon="-149.36521">
                <ele>undefined</ele>
            </trkpt>
            <trkpt lat="61.565486" lon="-149.366136">
                <ele>undefined</ele>
            </trkpt>
            <trkpt lat="61.565295" lon="-149.365925">
                <ele>undefined</ele>
            </trkpt>
            <trkpt lat="61.564673" lon="-149.368876">
                <ele>undefined</ele>
            </trkpt>
            <trkpt lat="61.564511" lon="-149.369786">
                <ele>undefined</ele>
            </trkpt>
            <trkpt lat="61.564463" lon="-149.370286">
                <ele>undefined</ele>
            </trkpt>
            <trkpt lat="61.564454" lon="-149.370677">
                <ele>undefined</ele>
            </trkpt>
            <trkpt lat="61.564473" lon="-149.371127">
                <ele>undefined</ele>
            </trkpt>
            <trkpt lat="61.564548" lon="-149.371775">
                <ele>undefined</ele>
            </trkpt>
            <trkpt lat="61.564661" lon="-149.372326">
                <ele>undefined</ele>
            </trkpt>
            <trkpt lat="61.564802" lon="-149.372773">
                <ele>undefined</ele>
            </trkpt>
            <trkpt lat="61.564923" lon="-149.373015">
                <ele>undefined</ele>
            </trkpt>
            <trkpt lat="61.565093" lon="-149.373242">
                <ele>undefined</ele>
            </trkpt>
            <trkpt lat="61.565093" lon="-149.373242">
                <ele>undefined</ele>
            </trkpt>
            <trkpt lat="61.565156" lon="-149.373327">
                <ele>undefined</ele>
            </trkpt>
            <trkpt lat="61.565557" lon="-149.373724">
                <ele>undefined</ele>
            </trkpt>
            <trkpt lat="61.566155" lon="-149.374236">
                <ele>undefined</ele>
            </trkpt>
            <trkpt lat="61.566437" lon="-149.374367">
                <ele>undefined</ele>
            </trkpt>
            <trkpt lat="61.566855" lon="-149.374437">
                <ele>undefined</ele>
            </trkpt>
            <trkpt lat="61.567173" lon="-149.374531">
                <ele>undefined</ele>
            </trkpt>
            <trkpt lat="61.567295" lon="-149.37462">
                <ele>undefined</ele>
            </trkpt>
            <trkpt lat="61.567371" lon="-149.374714">
                <ele>undefined</ele>
            </trkpt>
            <trkpt lat="61.567486" lon="-149.374906">
                <ele>undefined</ele>
            </trkpt>
            <trkpt lat="61.567845" lon="-149.375717">
                <ele>undefined</ele>
            </trkpt>
            <trkpt lat="61.567927" lon="-149.375836">
                <ele>undefined</ele>
            </trkpt>
            <trkpt lat="61.568006" lon="-149.375895">
                <ele>undefined</ele>
            </trkpt>
            <trkpt lat="61.568113" lon="-149.375911">
                <ele>undefined</ele>
            </trkpt>
            <trkpt lat="61.568208" lon="-149.375875">
                <ele>undefined</ele>
            </trkpt>
            <trkpt lat="61.568696" lon="-149.375446">
                <ele>undefined</ele>
            </trkpt>
            <trkpt lat="61.568853" lon="-149.375411">
                <ele>undefined</ele>
            </trkpt>
            <trkpt lat="61.568948" lon="-149.375441">
                <ele>undefined</ele>
            </trkpt>
            <trkpt lat="61.569014" lon="-149.37553">
                <ele>undefined</ele>
            </trkpt>
            <trkpt lat="61.569074" lon="-149.375704">
                <ele>undefined</ele>
            </trkpt>
            <trkpt lat="61.569104" lon="-149.375906">
                <ele>undefined</ele>
            </trkpt>
            <trkpt lat="61.56911" lon="-149.376118">
                <ele>undefined</ele>
            </trkpt>
            <trkpt lat="61.568858" lon="-149.377964">
                <ele>undefined</ele>
            </trkpt>
            <trkpt lat="61.568801" lon="-149.378634">
                <ele>undefined</ele>
            </trkpt>
            <trkpt lat="61.568789" lon="-149.378957">
                <ele>undefined</ele>
            </trkpt>
            <trkpt lat="61.568801" lon="-149.379171">
                <ele>undefined</ele>
            </trkpt>
            <trkpt lat="61.568846" lon="-149.379383">
                <ele>undefined</ele>
            </trkpt>
            <trkpt lat="61.568937" lon="-149.379549">
                <ele>undefined</ele>
            </trkpt>
            <trkpt lat="61.569049" lon="-149.37965">
                <ele>undefined</ele>
            </trkpt>
            <trkpt lat="61.56938" lon="-149.379817">
                <ele>undefined</ele>
            </trkpt>
            <trkpt lat="61.569467" lon="-149.379925">
                <ele>undefined</ele>
            </trkpt>
            <trkpt lat="61.569533" lon="-149.380085">
                <ele>undefined</ele>
            </trkpt>
            <trkpt lat="61.569576" lon="-149.380327">
                <ele>undefined</ele>
            </trkpt>
            <trkpt lat="61.569594" lon="-149.380691">
                <ele>undefined</ele>
            </trkpt>
            <trkpt lat="61.569531" lon="-149.381994">
                <ele>undefined</ele>
            </trkpt>
            <trkpt lat="61.569533" lon="-149.382391">
                <ele>undefined</ele>
            </trkpt>
            <trkpt lat="61.569577" lon="-149.383094">
                <ele>undefined</ele>
            </trkpt>
            <trkpt lat="61.569649" lon="-149.383624">
                <ele>undefined</ele>
            </trkpt>
            <trkpt lat="61.569712" lon="-149.383881">
                <ele>undefined</ele>
            </trkpt>
            <trkpt lat="61.569788" lon="-149.384082">
                <ele>undefined</ele>
            </trkpt>
            <trkpt lat="61.569788" lon="-149.384082">
                <ele>undefined</ele>
            </trkpt>
            <trkpt lat="61.569838" lon="-149.384217">
                <ele>undefined</ele>
            </trkpt>
            <trkpt lat="61.570402" lon="-149.385238">
                <ele>undefined</ele>
            </trkpt>
            <trkpt lat="61.570559" lon="-149.385565">
                <ele>undefined</ele>
            </trkpt>
            <trkpt lat="61.570781" lon="-149.386273">
                <ele>undefined</ele>
            </trkpt>
            <trkpt lat="61.571032" lon="-149.387221">
                <ele>undefined</ele>
            </trkpt>
            <trkpt lat="61.571742" lon="-149.390203">
                <ele>undefined</ele>
            </trkpt>
            <trkpt lat="61.571742" lon="-149.390203">
                <ele>undefined</ele>
            </trkpt>
            <trkpt lat="61.571753" lon="-149.39025">
                <ele>undefined</ele>
            </trkpt>
            <trkpt lat="61.571821" lon="-149.390146">
                <ele>undefined</ele>
            </trkpt>
            <trkpt lat="61.571903" lon="-149.390121">
                <ele>undefined</ele>
            </trkpt>
            <trkpt lat="61.57204" lon="-149.389857">
                <ele>undefined</ele>
            </trkpt>
            <trkpt lat="61.572128" lon="-149.389463">
                <ele>undefined</ele>
            </trkpt>
            <trkpt lat="61.572037" lon="-149.388399">
                <ele>undefined</ele>
            </trkpt>
        </trkseg>
    </trk>
</gpx>